2191,27.94, 49
3691,28.00, 49
5191,28.00, 49
6691,28.00, 49
8191,28.00, 50
9691,28.00, 50
11191,28.00, 50
12691,28.00, 50
14191,28.00, 51
15691,28.00, 51
17191,28.00, 51
18691,28.00, 51
20191,28.06, 51
21691,28.06, 52
23191,28.06, 52
24691,28.06, 52
26191,28.06, 52
27691,28.06, 53
29191,28.06, 53
30691,28.12, 53
32191,28.12, 53
33691,28.12, 53
35191,28.12, 54
36691,28.19, 54
38191,28.19, 54
39691,28.19, 54
41191,28.19, 54
42691,28.25, 54
44191,28.25, 54
45691,28.25, 55
47191,28.25, 55
48691,28.31, 55
50191,28.31, 55
51691,28.31, 55
53191,28.38, 55
54691,28.38, 56
56191,28.38, 56
57691,28.44, 56
59191,28.44, 56
60691,28.44, 56
62191,28.50, 56
63691,28.50, 57
65191,28.50, 57
66691,28.56, 57
68191,28.56, 57
69691,28.56, 57
71191,28.56, 57
72691,28.62, 57
74191,28.62, 58
75691,28.69, 58
77191,28.69, 58
78691,28.69, 58
80191,28.75, 58
81691,28.75, 58
83191,28.75, 59
84691,28.81, 59
86191,28.81, 59
87691,28.81, 59
89191,28.88, 59
90691,28.88, 59
92191,28.94, 59
93691,28.94, 59
95191,28.94, 60
96691,29.00, 60
98191,29.00, 60
99691,29.00, 60
101191,29.06, 60
102691,29.06, 60
104191,29.06, 60
105691,29.12, 60
107191,29.12, 61
108691,29.12, 61
110191,29.19, 61
111691,29.19, 61
113191,29.25, 61
114691,29.25, 61
116191,29.25, 61
117691,29.31, 61
119191,29.31, 62
120691,29.31, 62
122191,29.38, 62
123691,29.38, 62
125191,29.38, 62
126691,29.44, 62
128191,29.44, 62
129691,29.50, 62
131191,29.50, 63
132691,29.50, 63
134191,29.56, 63
135691,29.56, 63
137191,29.56, 63
138691,29.62, 63
140191,29.62, 63
141691,29.62, 64
143191,29.69, 64
144691,29.69, 64
146191,29.69, 64
147691,29.75, 64
149191,29.75, 64
150691,29.81, 64
152191,29.81, 64
153691,29.81, 65
155191,29.88, 64
156691,29.88, 65
158191,29.94, 65
159691,29.94, 65
161191,29.94, 65
162691,30.00, 65
164191,30.00, 65
165691,30.00, 65
167191,30.06, 65
168691,30.06, 66
170191,30.12, 66
171691,30.12, 66
173191,30.12, 66
174691,30.19, 66
176191,30.19, 66
177691,30.19, 66
179191,30.25, 66
180691,30.25, 66
182191,30.25, 67
183691,30.31, 67
185191,30.31, 67
186691,30.31, 67
188191,30.38, 67
189691,30.38, 67
191191,30.38, 67
192691,30.44, 67
194191,30.44, 67
195691,30.44, 68
197191,30.50, 68
198691,30.50, 68
200191,30.56, 68
201691,30.56, 68
203191,30.56, 68
204691,30.56, 68
206191,30.62, 68
207691,30.62, 68
209191,30.62, 69
210691,30.69, 69
212191,30.69, 69
213691,30.75, 69
215191,30.75, 69
216691,30.75, 69
218191,30.81, 69
219691,30.81, 69
221191,30.81, 69
222691,30.88, 69
224191,30.88, 69
225691,30.88, 70
227191,30.94, 70
228691,30.94, 70
230191,30.94, 70
231691,31.00, 70
233191,31.00, 70
234691,31.00, 70
236191,31.06, 70
237691,31.06, 70
239191,31.06, 71
240691,31.12, 70
242191,31.12, 71
243691,31.12, 71
245191,31.12, 71
246691,31.19, 71
248191,31.19, 71
249691,31.19, 71
251191,31.25, 71
252691,31.25, 71
254191,31.25, 72
255691,31.31, 72
257191,31.31, 72
258691,31.31, 72
260191,31.38, 72
261691,31.38, 72
263191,31.38, 72
264691,31.44, 72
266191,31.44, 72
267691,31.50, 72
269191,31.50, 72
270691,31.50, 73
272191,31.56, 72
273691,31.56, 73
275191,31.56, 73
276691,31.56, 73
278191,31.62, 73
279691,31.62, 73
281191,31.62, 73
282691,31.69, 73
284191,31.69, 73
285691,31.69, 73
287191,31.75, 73
288691,31.75, 74
290191,31.75, 74
291691,31.75, 74
293191,31.81, 74
294691,31.81, 74
296191,31.81, 74
297691,31.88, 74
299191,31.88, 74
300691,31.88, 74
302191,31.94, 74
303691,31.94, 74
305191,31.94, 75
306691,32.00, 75
308191,32.00, 75
309691,32.00, 75
311191,32.06, 75
312691,32.06, 75
314191,32.06, 75
315691,32.12, 75
317191,32.12, 75
318691,32.12, 75
320191,32.19, 75
321691,32.19, 75
323191,32.19, 76
324691,32.19, 76
326191,32.25, 76
327691,32.25, 76
329191,32.25, 76
330691,32.31, 76
332191,32.31, 76
333691,32.31, 76
335191,32.38, 76
336691,32.38, 76
338191,32.38, 76
339691,32.44, 76
341191,32.44, 76
342691,32.50, 76
344191,32.50, 76
345691,32.50, 77
347191,32.50, 77
348691,32.56, 77
350191,32.56, 77
351691,32.56, 77
353191,32.56, 77
354691,32.62, 77
356191,32.62, 77
357691,32.62, 77
359191,32.62, 77
360691,32.69, 77
362191,32.69, 78
363691,32.69, 78
365191,32.75, 78
366691,32.75, 78
368191,32.75, 78
369691,32.81, 78
371191,32.81, 78
372691,32.81, 78
374191,32.88, 78
375691,32.88, 78
377191,32.88, 78
378691,32.88, 78
380191,32.94, 78
381691,32.94, 78
383191,32.94, 79
384691,32.94, 79
386191,33.00, 79
387691,33.00, 79
389191,33.00, 79
390691,33.06, 79
392191,33.06, 79
393691,33.06, 79
395191,33.06, 79
396691,33.12, 79
398191,33.12, 79
399691,33.12, 79
401191,33.19, 79
402691,33.19, 79
404191,33.19, 80
405691,33.19, 80
407191,33.19, 80
408691,33.25, 80
410191,33.25, 80
411691,33.25, 80
413191,33.31, 80
414691,33.31, 80
416191,33.31, 80
417691,33.38, 80
419191,33.38, 80
420691,33.38, 80
422191,33.38, 80
423691,33.44, 80
425191,33.44, 80
426691,33.44, 81
428191,33.44, 81
429691,33.50, 81
431191,33.50, 81
432691,33.50, 81
434191,33.56, 81
435691,33.56, 81
437191,33.56, 81
438691,33.56, 81
440191,33.62, 81
441691,33.62, 81
443191,33.62, 81
444691,33.69, 81
446191,33.69, 81
447691,33.69, 81
449191,33.69, 81
450691,33.75, 81
452191,33.75, 81
453691,33.75, 82
455191,33.75, 82
456691,33.81, 82
458191,33.81, 82
459691,33.81, 82
461191,33.81, 82
462691,33.88, 82
464191,33.88, 82
465691,33.88, 82
467191,33.88, 82
468691,33.94, 82
470191,33.94, 82
471691,33.94, 82
473191,33.94, 82
474691,34.00, 82
476191,34.00, 82
477691,34.00, 83
479191,34.00, 83
480691,34.06, 83
482191,34.06, 83
483691,34.06, 83
485191,34.06, 83
486691,34.12, 83
488191,34.12, 83
489691,34.12, 83
491191,34.12, 83
492691,34.19, 83
494191,34.19, 83
495691,34.19, 83
497191,34.19, 83
498691,34.25, 83
500191,34.25, 83
501691,34.25, 84
503191,34.25, 84
504691,34.31, 83
506191,34.31, 84
507691,34.31, 84
509191,34.31, 84
510691,34.38, 84
512191,34.38, 84
513691,34.38, 84
515191,34.38, 84
516691,34.44, 84
518191,34.44, 84
519691,34.44, 84
521191,34.44, 84
522691,34.50, 84
524191,34.50, 84
525691,34.50, 84
527191,34.56, 84
528691,34.56, 84
530191,34.56, 84
531691,34.56, 85
533191,34.56, 85
534691,34.62, 84
536191,34.62, 85
537691,34.62, 85
539191,34.62, 85
540691,34.69, 85
542191,34.69, 85
543691,34.69, 85
545191,34.69, 85
546691,34.75, 85
548191,34.75, 85
549691,34.75, 85
551191,34.75, 85
552691,34.81, 85
554191,34.81, 85
555691,34.81, 85
557191,34.88, 85
558691,34.88, 85
560191,34.88, 85
561691,34.88, 85
563191,34.88, 86
564691,34.94, 85
566191,34.94, 85
567691,34.94, 86
569191,34.94, 86
570691,35.00, 86
572191,35.00, 86
573691,35.00, 86
575191,35.00, 86
576691,35.00, 86
578191,35.06, 86
579691,35.06, 86
581191,35.06, 86
582691,35.06, 86
584191,35.12, 86
585691,35.12, 86
587191,35.12, 86
588691,35.12, 86
590191,35.19, 86
591691,35.19, 86
593191,35.19, 86
594691,35.19, 86
596191,35.25, 86
597691,35.25, 86
599191,35.25, 86
600691,35.25, 86
602191,35.25, 87
603691,35.31, 86
605191,35.31, 87
606691,35.31, 87
608191,35.31, 87
609691,35.31, 87
611191,35.38, 87
612691,35.38, 87
614191,35.38, 87
615691,35.44, 87
617191,35.44, 87
618691,35.44, 87
620191,35.44, 87
621691,35.44, 87
623191,35.50, 87
624691,35.50, 87
626191,35.50, 87
627691,35.50, 87
629191,35.56, 87
630691,35.56, 87
632191,35.56, 87
633691,35.56, 87
635191,35.56, 87
636691,35.62, 87
638191,35.62, 87
639691,35.62, 87
641191,35.62, 87
642691,35.62, 88
644191,35.69, 87
645691,35.69, 87
647191,35.69, 88
648691,35.69, 88
650191,35.69, 88
651691,35.75, 88
653191,35.75, 88
654691,35.75, 88
656191,35.75, 88
657691,35.75, 88
659191,35.81, 88
660691,35.81, 88
662191,35.81, 88
663691,35.81, 88
665191,35.81, 88
666691,35.81, 88
668191,35.88, 88
669691,35.88, 88
671191,35.88, 88
672691,35.88, 88
674191,35.94, 88
675691,35.94, 88
677191,35.94, 88
678691,35.94, 88
680191,35.94, 88
681691,36.00, 88
683191,36.00, 88
684691,36.00, 88
686191,36.00, 89
687691,36.06, 88
689191,36.06, 88
690691,36.06, 88
692191,36.06, 89
693691,36.12, 88
695191,36.12, 88
696691,36.12, 89
698191,36.12, 89
699691,36.12, 89
701191,36.19, 89
702691,36.19, 89
704191,36.19, 89
705691,36.19, 89
707191,36.25, 89
708691,36.25, 89
710191,36.25, 89
711691,36.25, 89
713191,36.25, 89
714691,36.25, 89
716191,36.31, 89
717691,36.31, 89
719191,36.31, 89
720691,36.31, 89
722191,36.31, 89
723691,36.31, 89
725191,36.38, 89
726691,36.38, 89
728191,36.38, 89
729691,36.38, 89
731191,36.38, 89
732691,36.44, 89
734191,36.44, 89
735691,36.44, 89
737191,36.44, 89
738691,36.44, 89
740191,36.50, 89
741691,36.50, 89
743191,36.50, 89
744691,36.50, 89
746191,36.50, 90
747691,36.56, 89
749191,36.56, 89
750691,36.56, 89
752191,36.56, 90
753691,36.56, 90
755191,36.56, 90
756691,36.62, 89
758191,36.62, 90
759691,36.62, 90
761191,36.62, 90
762691,36.62, 90
764191,36.62, 90
765691,36.69, 90
767191,36.69, 90
768691,36.69, 90
770191,36.69, 90
771691,36.69, 90
773191,36.69, 90
774691,36.69, 90
776191,36.75, 90
777691,36.75, 90
779191,36.75, 90
780691,36.75, 90
782191,36.75, 90
783691,36.75, 90
785191,36.81, 90
786691,36.81, 90
788191,36.81, 90
789691,36.81, 90
791191,36.81, 90
792691,36.88, 90
794191,36.88, 90
795691,36.88, 90
797191,36.88, 90
798691,36.88, 90
800191,36.94, 90
801691,36.94, 90
803191,36.94, 90
804691,36.94, 90
806191,36.94, 90
807691,36.94, 90
809191,37.00, 90
810691,37.00, 90
812191,37.00, 90
813691,37.00, 90
815191,37.00, 91
816691,37.00, 91
818191,37.06, 90
819691,37.06, 90
821191,37.06, 91
822691,37.06, 91
824191,37.06, 91
825691,37.06, 91
827191,37.12, 90
828691,37.12, 91
830191,37.12, 91
831691,37.12, 91
833191,37.12, 91
834691,37.19, 91
836191,37.19, 91
837691,37.19, 91
839191,37.19, 91
840691,37.19, 91
842191,37.19, 91
843691,37.19, 91
845191,37.25, 91
846691,37.25, 91
848191,37.25, 91
849691,37.25, 91
851191,37.25, 91
852691,37.25, 91
854191,37.25, 91
855691,37.25, 91
857191,37.25, 91
858691,37.31, 91
860191,37.25, 91
861691,37.31, 91
863191,37.31, 91
864691,37.31, 91
866191,37.31, 91
867691,37.31, 91
869191,37.31, 91
870691,37.31, 91
872191,37.31, 91
873691,37.31, 91
875191,37.38, 91
876691,37.38, 91
878191,37.38, 91
879691,37.38, 91
881191,37.38, 91
882691,37.38, 92
884191,37.38, 92
885691,37.44, 91
887191,37.44, 91
888691,37.44, 91
890191,37.44, 92
891691,37.44, 92
893191,37.44, 92
894691,37.44, 92
896191,37.50, 92
897691,37.50, 92
899191,37.50, 92
900691,37.50, 92
902191,37.50, 92
903691,37.50, 92
905191,37.50, 92
906691,37.56, 92
908191,37.56, 92
909691,37.56, 92
911191,37.56, 92
912691,37.56, 92
914191,37.56, 92
915691,37.56, 92
917191,37.56, 92
918691,37.56, 92
920191,37.62, 92
921691,37.62, 92
923191,37.62, 92
924691,37.62, 92
926191,37.62, 92
927691,37.62, 92
929191,37.62, 92
930691,37.69, 92
932191,37.69, 92
933691,37.69, 92
935191,37.69, 92
936691,37.69, 92
938191,37.69, 92
939691,37.69, 92
941191,37.69, 92
942691,37.69, 92
944191,37.69, 92
945691,37.69, 92
947191,37.75, 92
948691,37.75, 92
950191,37.75, 92
951691,37.75, 92
953191,37.75, 92
954691,37.75, 92
956191,37.75, 92
957691,37.75, 92
959191,37.75, 93
960691,37.75, 93
962191,37.75, 93
963691,37.75, 93
965191,37.81, 92
966691,37.81, 92
968191,37.81, 93
969691,37.81, 93
971191,37.81, 93
972691,37.81, 93
974191,37.81, 93
975691,37.81, 93
977191,37.88, 93
978691,37.88, 93
980191,37.88, 93
981691,37.88, 93
983191,37.88, 93
984691,37.88, 93
986191,37.88, 93
987691,37.88, 93
989191,37.88, 93
990691,37.94, 93
992191,37.94, 93
993691,37.94, 93
995191,37.94, 93
996691,37.94, 93
998191,37.94, 93
999691,37.94, 93
1001191,37.94, 93
1002691,38.00, 93
1004191,38.00, 93
1005691,38.00, 93
1007191,38.00, 93
1008691,38.00, 93
1010191,38.00, 93
1011691,38.00, 93
1013191,38.06, 93
1014691,38.00, 93
1016191,38.06, 93
1017691,38.06, 93
1019191,38.06, 93
1020691,38.06, 93
1022191,38.06, 93
1023691,38.06, 93
1025191,38.06, 93
1026691,38.06, 93
1028191,38.06, 93
1029691,38.12, 93
1031191,38.12, 93
1032691,38.12, 93
1034191,38.12, 93
1035691,38.12, 93
1037191,38.12, 93
1038691,38.12, 93
1040191,38.12, 93
1041691,38.19, 93
1043191,38.12, 93
1044691,38.19, 93
1046191,38.19, 93
1047691,38.19, 93
1049191,38.19, 93
1050691,38.19, 93
1052191,38.19, 93
1053691,38.19, 93
1055191,38.19, 93
1056691,38.19, 93
1058191,38.25, 93
1059691,38.25, 93
1061191,38.25, 93
1062691,38.25, 93
1064191,38.25, 93
1065691,38.25, 93
1067191,38.25, 93
1068691,38.25, 93
1070191,38.25, 93
1071691,38.25, 94
1073191,38.31, 93
1074691,38.31, 93
1076191,38.31, 93
1077691,38.31, 93
1079191,38.31, 93
1080691,38.31, 93
1082191,38.31, 93
1083691,38.31, 94
1085191,38.31, 94
1086691,38.31, 94
1088191,38.31, 94
1089691,38.31, 94
1091191,38.31, 94
1092691,38.31, 94
1094191,38.31, 94
1095691,38.31, 94
1097191,38.38, 94
1098691,38.31, 94
1100191,38.31, 94
1101691,38.38, 94
1103191,38.38, 94
1104691,38.38, 94
1106191,38.38, 94
1107691,38.38, 94
1109191,38.38, 94
1110691,38.38, 94
1112191,38.38, 94
1113691,38.38, 94
1115191,38.44, 94
1116691,38.44, 94
1118191,38.44, 94
1119691,38.44, 94
1121191,38.44, 94
1122691,38.50, 94
1124191,38.50, 94
1125691,38.50, 94
1127191,38.50, 94
1128691,38.50, 94
1130191,38.50, 94
1131691,38.50, 94
1133191,38.56, 94
1134691,38.56, 94
1136191,38.56, 94
1137691,38.56, 94
1139191,38.56, 94
1140691,38.56, 94
1142191,38.56, 94
1143691,38.56, 94
1145191,38.56, 94
1146691,38.62, 94
1148191,38.62, 94
1149691,38.62, 94
1151191,38.62, 94
1152691,38.62, 94
1154191,38.62, 94
1155691,38.62, 94
1157191,38.69, 94
1158691,38.69, 94
1160191,38.69, 94
1161691,38.69, 94
1163191,38.69, 94
1164691,38.69, 94
1166191,38.69, 94
1167691,38.75, 93
1169191,38.75, 94
1170691,38.75, 94
1172191,38.75, 94
1173691,38.75, 94
1175191,38.75, 94
1176691,38.75, 94
1178191,38.75, 94
1179691,38.75, 94
1181191,38.81, 93
1182691,38.81, 93
1184191,38.81, 93
1185691,38.81, 94
1187191,38.81, 94
1188691,38.81, 94
1190191,38.81, 94
1191691,38.81, 94
1193191,38.81, 94
1194691,38.81, 94
1196191,38.81, 94
1197691,38.81, 94
1199191,38.88, 93
1200691,38.88, 94
1202191,38.88, 94
1203691,38.88, 94
1205191,38.88, 94
1206691,38.88, 94
1208191,38.88, 94
1209691,38.88, 94
1211191,38.88, 94
1212691,38.88, 94
1214191,38.94, 93
1215691,38.94, 93
1217191,38.94, 94
1218691,38.94, 94
1220191,38.94, 94
1221691,38.94, 94
1223191,38.94, 94
1224691,38.94, 94
1226191,38.94, 94
1227691,38.94, 94
1229191,38.94, 94
1230691,38.94, 94
1232191,38.94, 94
1233691,39.00, 93
1235191,38.94, 94
1236691,39.00, 94
1238191,39.00, 94
1239691,39.00, 94
1241191,39.00, 94
1242691,39.00, 94
1244191,39.00, 94
1245691,39.00, 94
1247191,39.00, 94
1248691,39.00, 94
1250191,39.00, 94
1251691,39.00, 94
1253191,39.00, 94
1254691,39.00, 94
1256191,39.00, 94
1257691,39.00, 94
1259191,39.06, 94
1260691,39.06, 94
1262191,39.06, 94
1263691,39.06, 94
1265191,39.06, 94
1266691,39.06, 94
1268191,39.06, 94
1269691,39.06, 94
1271191,39.06, 94
1272691,39.06, 94
1274191,39.06, 94
1275691,39.06, 94
1277191,39.12, 94
1278691,39.12, 94
1280191,39.12, 94
1281691,39.12, 94
1283191,39.12, 94
1284691,39.12, 94
1286191,39.12, 94
1287691,39.12, 94
1289191,39.12, 94
1290691,39.12, 94
1292191,39.12, 94
1293691,39.12, 94
1295191,39.12, 94
1296691,39.12, 94
1298191,39.12, 94
1299691,39.19, 94
1301191,39.19, 94
1302691,39.19, 94
1304191,39.19, 94
1305691,39.19, 94
1307191,39.19, 94
1308691,39.19, 94
1310191,39.19, 94
1311691,39.19, 94
1313191,39.19, 94
1314691,39.19, 94
1316191,39.19, 94
1317691,39.19, 94
1319191,39.19, 94
1320691,39.19, 94
1322191,39.19, 94
1323691,39.25, 94
1325191,39.25, 94
1326691,39.25, 94
1328191,39.25, 94
1329691,39.25, 94
1331191,39.25, 94
1332691,39.25, 94
1334191,39.25, 94
1335691,39.25, 94
1337191,39.31, 93
1338691,39.31, 93
1340191,39.31, 93
1341691,39.31, 94
1343191,39.31, 94
1344691,39.31, 94
1346191,39.31, 94
1347691,39.31, 94
1349191,39.31, 94
1350691,39.38, 93
1352191,39.38, 93
1353691,39.38, 93
1355191,39.38, 93
1356691,39.38, 93
1358191,39.38, 93
1359691,39.38, 93
1361191,39.38, 93
1362691,39.38, 93
1364191,39.38, 93
1365691,39.38, 93
1367191,39.38, 93
1368691,39.38, 93
1370191,39.38, 93
1371691,39.44, 93
1373191,39.44, 93
1374691,39.44, 93
1376191,39.44, 93
1377691,39.44, 93
1379191,39.44, 93
1380691,39.44, 93
1382191,39.44, 93
1383691,39.44, 93
1385191,39.44, 93
1386691,39.44, 93
1388191,39.44, 93
1389691,39.44, 93
1391191,39.44, 93
1392691,39.44, 93
1394191,39.44, 93
1395691,39.50, 93
1397191,39.50, 93
1398691,39.50, 93
1400191,39.50, 93
1401691,39.50, 93
1403191,39.50, 93
1404691,39.50, 93
1406191,39.50, 93
1407691,39.50, 93
1409191,39.50, 93
1410691,39.50, 93
1412191,39.50, 93
1413691,39.50, 93
1415191,39.50, 93
1416691,39.50, 93
1418191,39.50, 93
1419691,39.50, 93
1421191,39.50, 93
1422691,39.50, 93
1424191,39.50, 93
1425691,39.50, 93
1427191,39.50, 93
1428691,39.50, 93
1430191,39.50, 93
1431691,39.50, 93
1433191,39.50, 93
1434691,39.56, 93
1436191,39.50, 93
1437691,39.50, 93
1439191,39.50, 93
1440691,39.50, 93
1442191,39.50, 93
1443691,39.50, 94
1445191,39.50, 94
1446691,39.56, 93
1448191,39.56, 93
1449691,39.56, 93
1451191,39.56, 93
1452691,39.56, 93
1454191,39.56, 93
1455691,39.56, 93
1457191,39.56, 114
1458691,39.56, 114
1460191,39.56, 114
1461691,39.56, 114
1463191,39.56, 114
1464691,39.56, 114
1466191,39.56, 114
1467691,39.56, 115
1469191,39.56, 115
1470691,39.56, 115
1472191,39.62, 115
1473691,39.62, 115
1475191,39.62, 115
1476691,39.62, 115
1478191,39.62, 115
1479691,39.62, 115
1481191,39.62, 115
1482691,39.62, 115
1484191,39.69, 115
1485691,39.69, 115
1487191,39.69, 116
1488691,39.69, 116
1490191,39.69, 116
1491691,39.75, 116
1493191,39.75, 116
1494691,39.75, 116
1496191,39.75, 116
1497691,39.81, 116
1499191,39.81, 116
1500691,39.81, 116
1502191,39.81, 116
1503691,39.81, 116
1505191,39.88, 116
1506691,39.88, 116
1508191,39.88, 116
1509691,39.94, 116
1511191,39.94, 116
1512691,39.94, 116
1514191,39.94, 116
1515691,40.00, 116
1517191,40.00, 116
1518691,40.00, 116
1520191,40.00, 117
1521691,40.06, 116
1523191,40.06, 117
1524691,40.06, 117
1526191,40.06, 117
1527691,40.06, 117
1529191,40.06, 117
1530691,40.12, 117
1532191,40.12, 117
1533691,40.12, 117
1535191,40.12, 117
1536691,40.12, 117
1538191,40.12, 117
1539691,40.19, 117
1541191,40.19, 117
1542691,40.19, 117
1544191,40.19, 117
1545691,40.19, 118
1547191,40.25, 117
1548691,40.25, 117
1550191,40.25, 118
1551691,40.25, 118
1553191,40.25, 118
1554691,40.31, 118
1556191,40.31, 118
1557691,40.31, 118
1559191,40.31, 118
1560691,40.31, 118
1562191,40.38, 118
1563691,40.38, 118
1565191,40.38, 118
1566691,40.38, 118
1568191,40.38, 118
1569691,40.44, 118
1571191,40.44, 118
1572691,40.44, 118
1574191,40.44, 118
1575691,40.50, 118
1577191,40.50, 118
1578691,40.50, 118
1580191,40.50, 118
1581691,40.50, 119
1583191,40.56, 118
1584691,40.56, 118
1586191,40.56, 119
1587691,40.56, 119
1589191,40.62, 118
1590691,40.62, 119
1592191,40.62, 119
1593691,40.69, 118
1595191,40.69, 119
1596691,40.69, 119
1598191,40.69, 119
1599691,40.69, 119
1601191,40.69, 119
1602691,40.75, 119
1604191,40.75, 119
1605691,40.75, 119
1607191,40.75, 119
1608691,40.81, 119
1610191,40.81, 119
1611691,40.81, 119
1613191,40.81, 119
1614691,40.81, 119
1616191,40.88, 119
1617691,40.88, 119
1619191,40.88, 119
1620691,40.88, 119
1622191,40.94, 119
1623691,40.94, 119
1625191,40.94, 119
1626691,40.94, 119
1628191,41.00, 119
1629691,41.00, 119
1631191,41.00, 119
1632691,41.06, 119
1634191,41.06, 119
1635691,41.06, 119
1637191,41.06, 119
1638691,41.06, 119
1640191,41.06, 120
1641691,41.12, 119
1643191,41.12, 119
1644691,41.12, 120
1646191,41.12, 120
1647691,41.12, 120
1649191,41.12, 120
1650691,41.12, 120
1652191,41.19, 120
1653691,41.19, 120
1655191,41.19, 120
1656691,41.19, 120
1658191,41.19, 120
1659691,41.25, 120
1661191,41.25, 120
1662691,41.25, 120
1664191,41.25, 120
1665691,41.25, 120
1667191,41.25, 120
1668691,41.31, 120
1670191,41.31, 120
1671691,41.31, 120
1673191,41.31, 120
1674691,41.31, 120
1676191,41.38, 120
1677691,41.38, 120
1679191,41.38, 120
1680691,41.38, 120
1682191,41.38, 120
1683691,41.44, 120
1685191,41.44, 120
1686691,41.44, 120
1688191,41.44, 120
1689691,41.50, 120
1691191,41.50, 120
1692691,41.50, 120
1694191,41.50, 121
1695691,41.50, 121
1697191,41.50, 121
1698691,41.56, 120
1700191,41.56, 121
1701691,41.56, 121
1703191,41.56, 121
1704691,41.62, 120
1706191,41.62, 121
1707691,41.62, 121
1709191,41.62, 121
1710691,41.62, 121
1712191,41.69, 121
1713691,41.69, 121
1715191,41.69, 121
1716691,41.69, 121
1718191,41.69, 121
1719691,41.69, 121
1721191,41.75, 121
1722691,41.75, 121
1724191,41.75, 121
1725691,41.75, 121
1727191,41.81, 121
1728691,41.81, 121
1730191,41.81, 121
1731691,41.81, 121
1733191,41.81, 121
1734691,41.88, 121
1736191,41.88, 121
1737691,41.88, 121
1739191,41.88, 121
1740691,41.88, 121
1742191,41.88, 121
1743691,41.88, 121
1745191,41.94, 121
1746691,41.94, 121
1748191,41.94, 121
1749691,41.94, 121
1751191,41.94, 121
1752691,42.00, 121
1754191,42.00, 121
1755691,42.00, 121
1757191,42.00, 121
1758691,42.00, 121
1760191,42.00, 121
1761691,42.06, 121
1763191,42.06, 121
1764691,42.06, 121
1766191,42.06, 121
1767691,42.12, 121
1769191,42.12, 121
1770691,42.12, 121
1772191,42.12, 121
1773691,42.12, 121
1775191,42.12, 121
1776691,42.12, 122
1778191,42.19, 121
1779691,42.19, 121
1781191,42.19, 121
1782691,42.19, 121
1784191,42.19, 122
1785691,42.19, 122
1787191,42.19, 122
1788691,42.25, 121
1790191,42.25, 122
1791691,42.25, 122
1793191,42.25, 122
1794691,42.25, 122
1796191,42.25, 122
1797691,42.31, 122
1799191,42.31, 122
1800691,42.31, 122
1802191,42.31, 122
1803691,42.31, 122
1805191,42.31, 122
1806691,42.38, 122
1808191,42.38, 122
1809691,42.38, 122
1811191,42.38, 122
1812691,42.38, 122
1814191,42.38, 122
1815691,42.38, 122
1817191,42.44, 122
1818691,42.38, 122
1820191,42.44, 122
1821691,42.44, 122
1823191,42.44, 122
1824691,42.44, 122
1826191,42.44, 122
1827691,42.44, 122
1829191,42.50, 122
1830691,42.50, 122
1832191,42.50, 122
1833691,42.50, 122
1835191,42.50, 122
1836691,42.50, 122
1838191,42.56, 122
1839691,42.56, 122
1841191,42.56, 122
1842691,42.56, 122
1844191,42.56, 122
1845691,42.56, 122
1847191,42.56, 122
1848691,42.56, 122
1850191,42.56, 122
1851691,42.62, 122
1853191,42.62, 122
1854691,42.62, 122
1856191,42.62, 122
1857691,42.62, 122
1859191,42.62, 122
1860691,42.62, 122
1862191,42.69, 122
1863691,42.69, 122
1865191,42.69, 122
1866691,42.69, 122
1868191,42.69, 122
1869691,42.69, 122
1871191,42.69, 123
1872691,42.69, 123
1874191,42.69, 123
1875691,42.69, 123
1877191,42.69, 123
1878691,42.75, 122
1880191,42.75, 123
1881691,42.75, 123
1883191,42.75, 123
1884691,42.75, 123
1886191,42.75, 123
1887691,42.75, 123
1889191,42.75, 123
1890691,42.81, 123
1892191,42.81, 123
1893691,42.81, 123
1895191,42.81, 123
1896691,42.81, 123
1898191,42.81, 123
1899691,42.88, 123
1901191,42.88, 123
1902691,42.88, 123
1904191,42.88, 123
1905691,42.88, 123
1907191,42.88, 123
1908691,42.88, 123
1910191,42.88, 123
1911691,42.88, 123
1913191,42.88, 123
1914691,42.88, 123
1916191,42.88, 123
1917691,42.88, 123
1919191,42.94, 123
1920691,42.94, 123
1922191,42.94, 123
1923691,42.94, 123
1925191,42.94, 123
1926691,42.94, 123
1928191,42.94, 123
1929691,42.94, 123
1931191,42.94, 123
1932691,42.94, 123
1934191,42.94, 123
1935691,42.94, 123
1937191,43.00, 123
1938691,43.00, 123
1940191,43.00, 123
1941691,43.00, 123
1943191,43.00, 123
1944691,43.00, 123
1946191,43.00, 123
1947691,43.00, 123
1949191,43.00, 124
1950691,43.06, 123
1952191,43.06, 123
1953691,43.06, 123
1955191,43.06, 123
1956691,43.06, 123
1958191,43.06, 123
1959691,43.06, 124
1961191,43.06, 124
1962691,43.06, 124
1964191,43.06, 124
1965691,43.06, 124
1967191,43.12, 123
1968691,43.12, 124
1970191,43.12, 124
1971691,43.12, 124
1973191,43.12, 124
1974691,43.12, 124
1976191,43.12, 124
1977691,43.12, 124
1979191,43.12, 124
1980691,43.12, 124
1982191,43.19, 124
1983691,43.12, 124
1985191,43.19, 124
1986691,43.19, 124
1988191,43.19, 124
1989691,43.19, 124
1991191,43.19, 124
1992691,43.19, 124
1994191,43.19, 124
1995691,43.25, 124
1997191,43.25, 124
1998691,43.25, 124
2000191,43.25, 124
2001691,43.25, 124
2003191,43.25, 124
2004691,43.25, 124
2006191,43.25, 124
2007691,43.25, 124
2009191,43.25, 124
2010691,43.25, 124
2012191,43.25, 124
2013691,43.25, 124
2015191,43.25, 124
2016691,43.25, 124
2018191,43.31, 124
2019691,43.31, 124
2021191,43.31, 124
2022691,43.31, 124
2024191,43.31, 124
2025691,43.31, 124
2027191,43.31, 124
2028691,43.31, 124
2030191,43.31, 124
2031691,43.38, 124
2033191,43.38, 124
2034691,43.38, 124
2036191,43.38, 124
2037691,43.38, 124
2039191,43.38, 124
2040691,43.38, 124
2042191,43.38, 124
2043691,43.38, 124
2045191,43.44, 124
2046691,43.44, 124
2048191,43.44, 124
2049691,43.44, 124
2051191,43.44, 124
2052691,43.44, 124
2054191,43.44, 124
2055691,43.44, 124
2057191,43.44, 124
2058691,43.50, 124
2060191,43.50, 124
2061691,43.50, 124
2063191,43.50, 124
2064691,43.50, 124
2066191,43.50, 124
2067691,43.50, 124
2069191,43.50, 124
2070691,43.50, 124
2072191,43.50, 124
2073691,43.50, 124
2075191,43.50, 124
2076691,43.50, 124
2078191,43.56, 124
2079691,43.56, 124
2081191,43.56, 124
2082691,43.56, 124
2084191,43.56, 124
2085691,43.56, 124
2087191,43.56, 124
2088691,43.56, 124
2090191,43.56, 124
2091691,43.56, 125
2093191,43.56, 125
2094691,43.56, 125
2096191,43.56, 125
2097691,43.56, 125
2099191,43.56, 125
2100691,43.56, 125
2102191,43.56, 125
2103691,43.56, 125
2105191,43.62, 125
2106691,43.62, 125
2108191,43.62, 125
2109691,43.62, 125
2111191,43.62, 125
2112691,43.62, 125
2114191,43.62, 125
2115691,43.62, 125
2117191,43.69, 124
2118691,43.69, 125
2120191,43.69, 125
2121691,43.69, 125
2123191,43.69, 125
2124691,43.69, 125
2126191,43.69, 125
2127691,43.69, 125
2129191,43.69, 125
2130691,43.69, 125
2132191,43.69, 125
2133691,43.69, 125
2135191,43.75, 125
2136691,43.75, 125
2138191,43.75, 125
2139691,43.75, 125
2141191,43.75, 125
2142691,43.75, 125
2144191,43.75, 125
2145691,43.75, 125
2147191,43.75, 125
2148691,43.81, 125
2150191,43.81, 125
2151691,43.81, 125
2153191,43.81, 125
2154691,43.81, 125
2156191,43.81, 125
2157691,43.81, 125
2159191,43.81, 125
2160691,43.88, 124
2162191,43.88, 124
2163691,43.88, 125
2165191,43.88, 125
2166691,43.88, 125
2168191,43.88, 125
2169691,43.88, 125
2171191,43.88, 125
2172691,43.88, 125
2174191,43.88, 125
2175691,43.88, 125
2177191,43.88, 125
2178691,43.88, 125
2180191,43.94, 125
2181691,43.94, 125
2183191,43.94, 125
2184691,43.94, 125
2186191,43.94, 125
2187691,43.94, 125
2189191,43.94, 125
2190691,43.94, 125
2192191,43.94, 125
2193691,43.94, 125
2195191,43.94, 125
2196691,43.94, 125
2198191,43.94, 125
2199691,43.94, 125
2201191,44.00, 125
2202691,44.00, 125
2204191,44.00, 125
2205691,44.00, 125
2207191,44.00, 125
2208691,44.00, 125
2210191,44.00, 125
2211691,44.00, 125
2213191,44.00, 125
2214691,44.00, 125
2216191,44.00, 125
2217691,44.00, 125
2219191,44.00, 125
2220691,44.00, 125
2222191,44.00, 125
2223691,44.00, 125
2225191,44.00, 125
2226691,44.00, 125
2228191,44.00, 125
2229691,44.00, 125
2231191,44.06, 125
2232691,44.06, 125
2234191,44.06, 125
2235691,44.06, 125
2237191,44.06, 125
2238691,44.06, 125
2240191,44.06, 125
2241691,44.06, 125
2243191,44.12, 125
2244691,44.12, 125
2246191,44.12, 125
2247691,44.12, 125
2249191,44.12, 125
2250691,44.12, 125
2252191,44.12, 125
2253691,44.12, 125
2255191,44.12, 125
2256691,44.12, 125
2258191,44.12, 125
2259691,44.12, 125
2261191,44.12, 125
2262691,44.12, 125
2264191,44.12, 125
2265691,44.19, 125
2267191,44.19, 125
2268691,44.19, 125
2270191,44.19, 125
2271691,44.19, 125
2273191,44.19, 125
2274691,44.19, 125
2276191,44.19, 125
2277691,44.19, 125
2279191,44.19, 125
2280691,44.19, 125
2282191,44.19, 125
2283691,44.19, 125
2285191,44.19, 125
2286691,44.19, 125
2288191,44.19, 125
2289691,44.19, 125
2291191,44.25, 125
2292691,44.25, 125
2294191,44.25, 125
2295691,44.25, 125
2297191,44.25, 125
2298691,44.25, 125
2300191,44.25, 125
2301691,44.25, 125
2303191,44.25, 125
2304691,44.25, 125
2306191,44.25, 125
2307691,44.31, 125
2309191,44.31, 125
2310691,44.31, 125
2312191,44.31, 125
2313691,44.31, 125
2315191,44.31, 125
2316691,44.31, 125
2318191,44.31, 125
2319691,44.31, 125
2321191,44.31, 125
2322691,44.31, 125
2324191,44.31, 125
2325691,44.38, 124
2327191,44.38, 124
2328691,44.38, 124
2330191,44.38, 125
2331691,44.38, 125
2333191,44.38, 125
2334691,44.38, 125
2336191,44.38, 125
2337691,44.38, 125
2339191,44.38, 125
2340691,44.38, 125
2342191,44.44, 124
2343691,44.38, 125
2345191,44.44, 124
2346691,44.44, 124
2348191,44.44, 124
2349691,44.44, 124
2351191,44.44, 124
2352691,44.44, 124
2354191,44.44, 124
2355691,44.44, 124
2357191,44.44, 124
2358691,44.44, 124
2360191,44.44, 124
2361691,44.44, 125
2363191,44.44, 125
2364691,44.50, 124
2366191,44.50, 124
2367691,44.50, 124
2369191,44.50, 124
2370691,44.50, 124
2372191,44.50, 124
2373691,44.50, 124
2375191,44.50, 124
2376691,44.50, 124
2378191,44.50, 124
2379691,44.50, 124
2381191,44.50, 124
2382691,44.50, 124
2384191,44.50, 124
2385691,44.56, 124
2387191,44.56, 124
2388691,44.56, 124
2390191,44.56, 124
2391691,44.56, 124
2393191,44.56, 124
2394691,44.56, 124
2396191,44.56, 124
2397691,44.56, 124
2399191,44.56, 124
2400691,44.56, 124
2402191,44.56, 124
2403691,44.56, 124
2405191,44.56, 124
2406691,44.56, 124
2408191,44.56, 124
2409691,44.56, 124
2411191,44.56, 124
2412692,44.62, 124
2414191,44.62, 124
2415691,44.62, 124
2417191,44.62, 124
2418691,44.62, 124
2420191,44.62, 124
2421691,44.62, 124
2423191,44.62, 124
2424691,44.62, 124
2426191,44.56, 83
2427691,44.62, 83
2429191,44.62, 83
2430691,44.62, 83
2432192,44.69, 82
2433692,44.69, 82
2435191,44.69, 82
2436691,44.69, 82
2438192,44.62, 82
2439691,44.56, 82
2441191,44.44, 82
2442691,44.31, 82
2444191,44.19, 83
2445691,44.06, 83
2447191,43.94, 83
2448691,43.75, 84
2450191,43.62, 84
2451691,43.44, 85
2453191,43.25, 85
2454691,43.12, 86
2456191,42.94, 86
2457691,42.75, 87
2459191,42.56, 88
2460691,42.44, 88
2462191,42.25, 88
2463691,42.06, 89
2465191,41.88, 90
2466691,41.69, 90
2468191,41.56, 91
2469691,41.38, 91
2471191,41.19, 92
2472691,41.06, 92
2474191,40.88, 93
2475691,40.75, 93
2477191,40.62, 94
2478691,40.44, 94
2480191,40.31, 95
2481691,40.12, 96
2483191,40.00, 96
2484691,39.88, 96
2486191,39.69, 97
2487691,39.56, 97
2489191,39.44, 98
2490691,39.31, 98
2492191,39.19, 99
2493691,39.06, 99
2495191,38.94, 100
2496691,38.88, 100
2498191,38.75, 100
2499691,38.62, 101
2501191,38.50, 101
2502691,38.38, 101
2504191,38.25, 102
2505691,38.19, 102
2507191,38.06, 103
2508691,37.94, 103
2510191,37.88, 103
2511691,37.81, 103
2513191,37.69, 104
2514691,37.62, 104
2516191,37.50, 105
2517691,37.44, 105
2519191,37.38, 105
2520691,37.25, 105
2522191,37.19, 106
2523691,37.12, 106
2525191,37.06, 106
2526691,36.94, 106
2528191,36.88, 107
2529691,36.81, 107
2531191,36.75, 107
2532691,36.69, 107
2534191,36.62, 108
2535691,36.56, 108
2537191,36.50, 108
2538691,36.44, 108
2540191,36.38, 108
2541691,36.31, 109
2543191,36.25, 109
2544691,36.19, 109
2546191,36.12, 109
2547691,36.06, 110
2549191,36.00, 110
2550691,35.94, 110
2552191,35.88, 110
2553691,35.81, 111
2555191,35.75, 111
2556691,35.69, 111
2558191,35.62, 111
2559691,35.62, 111
2561191,35.56, 112
2562691,35.50, 112
2564191,35.44, 112
2565691,35.38, 112
2567191,35.38, 112
2568691,35.31, 113
2570191,35.25, 113
2571691,35.25, 113
2573191,35.19, 113
2574691,35.12, 113
2576191,35.12, 113
2577691,35.06, 114
2579191,35.00, 114
2580691,35.00, 114
2582191,34.94, 114
2583691,34.94, 114
2585191,34.88, 114
2586691,34.81, 115
2588191,34.81, 115
2589691,34.75, 115
2591191,34.75, 115
2592691,34.69, 115
2594191,34.69, 115
2595691,34.62, 115
2597191,34.62, 115
2598691,34.56, 116
2600191,34.56, 116
2601691,34.56, 116
2603191,34.50, 116
2604691,34.50, 116
2606191,34.50, 116
2607691,34.44, 116
2609191,34.44, 116
2610691,34.38, 116
2612191,34.38, 116
2613691,34.38, 116
2615191,34.31, 117
2616691,34.31, 117
2618191,34.31, 117
2619691,34.31, 117
2621191,34.25, 117
2622691,34.25, 117
2624191,34.25, 117
2625691,34.19, 117
2627191,34.19, 117
2628691,34.19, 117
2630191,34.19, 117
2631691,34.12, 118
2633191,34.12, 118
2634691,34.06, 118
2636191,34.06, 118
2637691,34.06, 118
2639191,34.06, 118
2640691,34.00, 118
2642191,34.00, 118
2643691,34.00, 118
2645191,33.94, 119
2646691,33.94, 119
2648191,33.94, 119
2649691,33.94, 119
2651191,33.88, 119
2652691,33.88, 119
2654191,33.88, 119
2655691,33.88, 119
2657191,33.81, 119
2658691,33.81, 119
2660191,33.81, 119
2661691,33.81, 119
2663191,33.75, 120
2664691,33.75, 120
2666191,33.75, 120
2667691,33.75, 120
2669191,33.69, 120
2670691,33.69, 120
2672191,33.69, 120
2673691,33.69, 120
2675191,33.62, 120
2676691,33.62, 120
2678191,33.62, 120
2679691,33.62, 120
2681191,33.56, 121
2682691,33.56, 121
2684191,33.56, 121
2685691,33.56, 121
2687191,33.56, 121
2688691,33.50, 121
2690191,33.50, 121
2691691,33.50, 121
2693191,33.50, 121
2694691,33.50, 121
2696191,33.44, 122
2697691,33.44, 122
2699191,33.44, 122
2700691,33.44, 122
2702191,33.44, 122
2703691,33.44, 122
2705191,33.38, 122
2706691,33.38, 122
2708191,33.38, 122
2709691,33.38, 122
2711191,33.31, 122
2712691,33.31, 122
2714191,33.31, 122
2715691,33.31, 123
2717191,33.31, 123
2718691,33.31, 123
2720191,33.25, 123
2721691,33.25, 123
2723191,33.25, 123
2724691,33.25, 123
2726191,33.25, 123
2727691,33.25, 123
2729191,33.19, 123
2730691,33.19, 123
2732191,33.19, 123
2733691,33.19, 123
2735191,33.19, 123
2736691,33.12, 124
2738191,33.12, 124
2739691,33.12, 124
2741191,33.12, 124
2742691,33.12, 124
2744191,33.12, 124
2745691,33.12, 124
2747191,33.12, 124
2748691,33.12, 124
2750191,33.06, 124
2751691,33.06, 124
2753191,33.06, 124
2754691,33.06, 125
2756191,33.06, 125
2757691,33.06, 125
2759191,33.06, 125
2760691,33.06, 125
2762191,33.00, 125
2763691,33.00, 125
2765191,33.00, 125
2766691,33.00, 125
2768191,33.00, 125
2769691,33.00, 125
2771191,33.00, 125
2772691,33.00, 125
2774191,33.00, 125
2775691,33.00, 125
2777191,33.00, 125
2778691,33.00, 125
2780191,33.00, 125
2781691,32.94, 126
2783191,32.94, 126
2784691,32.94, 126
2786191,32.94, 126
2787691,32.94, 126
2789191,32.94, 126
2790691,32.94, 126
2792191,32.94, 126
2793691,32.94, 126
2795191,32.94, 126
2796691,32.94, 126
2798191,32.94, 126
2799691,32.94, 126
2801191,32.94, 126
2802691,32.94, 126
2804191,32.94, 126
2805691,32.94, 126
2807191,32.88, 127
2808691,32.88, 127
2810191,32.88, 127
2811691,32.88, 127
2813191,32.88, 127
2814691,32.88, 127
2816191,32.88, 127
2817691,32.88, 127
2819191,32.88, 127
2820691,32.88, 127
2822191,32.88, 127
2823691,32.88, 127
2825191,32.88, 127
2826691,32.88, 127
2828191,32.88, 127
2829691,32.88, 127
2831191,32.88, 127
2832691,32.88, 127
2834191,32.88, 128
2835691,32.88, 128
2837191,32.88, 128
2838691,32.88, 128
2840191,32.88, 128
2841691,32.88, 128
2843191,32.88, 128
2844691,32.88, 128
2846191,32.88, 128
2847691,32.88, 128
2849191,32.88, 128
2850691,32.88, 128
2852191,32.88, 128
2853691,32.88, 128
2855191,32.88, 128
2856691,32.88, 128
2858191,32.88, 128
2859691,32.88, 128
2861191,32.88, 128
2862691,32.88, 128
2864191,32.88, 128
2865691,32.88, 128
2867191,32.88, 128
2868691,32.88, 129
2870191,32.88, 129
2871691,32.88, 129
2873191,32.88, 129
2874691,32.88, 129
2876191,32.88, 129
2877691,32.88, 129
2879191,32.88, 129
2880691,32.88, 129
2882191,32.88, 129
2883691,32.88, 129
2885191,32.81, 129
2886691,32.81, 129
2888191,32.88, 129
2889691,32.81, 129
2891191,32.81, 129
2892691,32.81, 129
2894191,32.81, 130
2895691,32.81, 130
2897191,32.81, 130
2898691,32.81, 130
2900191,32.81, 130
2901691,32.81, 130
2903191,32.81, 130
2904691,32.81, 130
2906191,32.81, 130
2907691,32.81, 130
2909191,32.81, 130
2910691,32.81, 130
2912191,32.81, 130
2913691,32.81, 130
2915191,32.81, 130
2916691,32.81, 130
2918191,32.75, 130
2919691,32.81, 130
2921191,32.75, 131
2922691,32.75, 131
2924191,32.75, 131
2925691,32.75, 131
2927191,32.75, 131
2928691,32.75, 131
2930191,32.75, 131
2931691,32.75, 131
2933191,32.75, 131
2934691,32.75, 131
2936191,32.75, 131
2937691,32.75, 131
2939191,32.75, 131
2940691,32.75, 131
2942191,32.75, 131
2943691,32.75, 131
2945191,32.75, 131
2946691,32.75, 131
2948191,32.75, 131
2949691,32.75, 131
2951191,32.75, 131
2952691,32.75, 132
2954191,32.75, 132
2955691,32.75, 132
2957191,32.75, 132
2958691,32.75, 132
2960191,32.75, 132
2961691,32.69, 132
2963191,32.75, 132
2964691,32.75, 132
2966191,32.75, 132
2967691,32.75, 132
2969191,32.75, 132
2970691,32.75, 132
2972191,32.75, 132
2973691,32.75, 132
2975191,32.75, 132
2976691,32.75, 132
2978191,32.75, 132
2979691,32.75, 132
2981191,32.75, 132
2982691,32.75, 132
2984191,32.69, 133
2985691,32.75, 133
2987191,32.69, 133
2988691,32.75, 133
2990191,32.69, 133
2991691,32.75, 133
2993191,32.69, 133
2994691,32.69, 133
2996191,32.69, 133
2997691,32.69, 133
2999191,32.69, 133
3000691,32.69, 133
3002191,32.69, 133
3003691,32.69, 133
3005191,32.69, 133
3006691,32.69, 133
3008191,32.69, 134
3009691,32.69, 134
3011191,32.69, 134
3012691,32.69, 134
3014191,32.69, 134
3015691,32.69, 134
3017191,32.69, 134
3018691,32.69, 134
3020191,32.69, 134
3021691,32.69, 134
3023191,32.69, 134
3024691,32.69, 134
3026191,32.69, 134
3027691,32.69, 134
3029191,32.69, 134
3030691,32.69, 134
3032191,32.69, 134
3033691,32.69, 134
3035191,32.69, 134
3036691,32.69, 134
3038191,32.69, 134
3039691,32.69, 135
3041191,32.69, 135
3042691,32.69, 135
3044191,32.69, 135
3045691,32.69, 135
3047191,32.69, 135
3048691,32.69, 135
3050191,32.69, 135
3051691,32.69, 135
3053191,32.69, 135
3054691,32.69, 135
3056191,32.69, 135
3057691,32.69, 135
3059191,32.69, 135
3060691,32.69, 135
3062191,32.69, 135
3063691,32.69, 135
3065191,32.69, 135
3066691,32.69, 135
3068191,32.75, 135
3069691,32.75, 135
3071191,32.75, 135
3072691,32.75, 135
3074191,32.75, 135
3075691,32.75, 135
3077191,32.75, 135
3078691,32.75, 135
3080191,32.75, 136
3081691,32.75, 136
3083191,32.75, 136
3084691,32.75, 136
3086191,32.75, 136
3087691,32.75, 136
3089191,32.75, 136
3090691,32.75, 136
3092191,32.75, 136
3093691,32.75, 136
3095191,32.75, 136
3096691,32.75, 136
3098191,32.75, 136
3099691,32.75, 136
3101191,32.75, 136
3102691,32.75, 136
3104191,32.75, 136
3105691,32.75, 136
3107191,32.75, 136
3108691,32.75, 136
3110191,32.75, 136
3111691,32.75, 137
3113191,32.75, 137
3114691,32.75, 137
3116191,32.75, 137
3117691,32.75, 137
3119191,32.75, 137
3120691,32.75, 137
3122191,32.75, 137
3123691,32.75, 137
3125191,32.75, 137
3126691,32.75, 137
3128191,32.75, 137
3129691,32.75, 137
3131191,32.75, 137
3132691,32.75, 137
3134191,32.75, 137
3135691,32.75, 137
3137191,32.75, 137
3138691,32.75, 137
3140191,32.75, 137
3141691,32.75, 137
3143191,32.75, 137
3144691,32.75, 138
3146191,32.75, 138
3147691,32.75, 138
3149191,32.75, 138
3150691,32.75, 138
3152191,32.75, 138
3153691,32.75, 138
3155191,32.75, 138
3156691,32.75, 138
3158191,32.75, 138
3159691,32.75, 138
3161191,32.75, 138
3162691,32.75, 138
3164191,32.75, 138
3165691,32.75, 138
3167191,32.75, 138
3168691,32.75, 138
3170191,32.81, 138
3171691,32.81, 138
3173191,32.81, 138
3174691,32.81, 138
3176191,32.81, 138
3177691,32.81, 138
3179191,32.81, 138
3180691,32.81, 138
3182191,32.81, 138
3183691,32.81, 138
3185191,32.81, 138
3186691,32.81, 139
3188191,32.88, 138
3189691,32.88, 138
3191191,32.81, 139
3192691,32.88, 138
3194191,32.88, 138
3195691,32.88, 139
3197191,32.81, 139
3198691,32.88, 139
3200191,32.81, 139
3201691,32.88, 139
3203191,32.81, 139
3204691,32.81, 139
3206191,32.88, 139
3207691,32.88, 139
3209191,32.88, 139
3210691,32.88, 139
3212191,32.88, 139
3213691,32.88, 139
3215191,32.88, 139
3216691,32.88, 139
3218191,32.88, 139
3219691,32.88, 139
3221191,32.88, 139
3222691,32.88, 139
3224191,32.88, 139
3225691,32.88, 139
3227191,32.88, 139
3228691,32.88, 140
3230191,32.88, 140
3231691,32.88, 140
3233191,32.88, 140
3234691,32.88, 140
3236191,32.88, 140
3237691,32.88, 140
3239191,32.88, 140
3240691,32.88, 140
3242191,32.88, 140
3243691,32.88, 140
3245191,32.81, 140
3246691,32.81, 140
3248191,32.88, 140
3249691,32.88, 140
3251191,32.88, 140
3252691,32.88, 140
3254191,32.88, 140
3255691,32.88, 140
3257191,32.88, 140
3258691,32.88, 140
3260191,32.88, 140
3261691,32.88, 140
3263191,32.88, 141
3264691,32.88, 141
3266191,32.88, 141
3267691,32.88, 141
3269191,32.88, 141
3270691,32.88, 141
3272191,32.88, 141
3273691,32.88, 141
3275191,32.88, 141
3276691,32.88, 141
3278191,32.88, 141
3279691,32.88, 141
3281191,32.88, 141
3282691,32.88, 141
3284191,32.88, 141
3285691,32.94, 141
3287191,32.88, 141
3288691,32.88, 141
3290191,32.88, 141
3291691,32.88, 141
3293191,32.88, 141
3294691,32.88, 141
3296191,32.88, 141
3297691,32.88, 142
3299191,32.94, 141
3300691,32.88, 142
3302191,32.88, 142
3303691,32.94, 141
3305191,32.94, 141
3306691,32.94, 142
3308191,32.94, 142
3309691,32.94, 142
3311191,32.94, 142
3312691,32.88, 142
3314191,32.94, 142
3315691,32.94, 142
3317191,32.94, 142
3318691,32.94, 142
3320191,32.94, 142
3321691,32.94, 142
3323191,32.94, 142
3324691,32.94, 142
3326191,32.94, 142
3327691,32.94, 142
3329191,32.94, 142
3330691,32.94, 142
3332191,32.94, 142
3333691,32.94, 142
3335191,32.94, 142
3336691,32.94, 142
3338191,32.94, 142
3339691,33.00, 142
3341191,32.94, 142
3342691,32.94, 143
3344191,33.00, 142
3345691,33.00, 142
3347191,33.00, 142
3348691,33.00, 142
3350191,33.00, 142
3351691,33.00, 143
3353191,33.00, 143
3354691,33.00, 143
3356191,33.00, 143
3357691,33.00, 143
3359191,33.00, 143
3360691,33.00, 143
3362191,33.00, 143
3363691,33.00, 143
3365191,33.00, 143
3366691,33.00, 143
3368191,33.00, 143
3369691,33.00, 143
3371191,33.00, 143
3372691,33.06, 143
3374191,33.00, 143
3375691,33.00, 143
3377191,33.06, 143
3378691,33.06, 143
3380191,33.06, 143
3381691,33.06, 143
3383191,33.06, 143
3384691,33.06, 143
3386191,33.06, 143
3387691,33.06, 143
3389191,33.06, 143
3390691,33.06, 143
3392191,33.06, 143
3393691,33.06, 143
3395191,33.06, 143
3396691,33.06, 143
3398191,33.06, 144
3399691,33.12, 143
3401191,33.12, 143
3402691,33.12, 143
3404191,33.12, 143
3405691,33.12, 143
3407191,33.12, 143
3408691,33.12, 144
3410191,33.12, 144
3411691,33.12, 144
3413191,33.12, 144
3414691,33.12, 144
3416191,33.12, 144
3417691,33.12, 144
3419191,33.12, 144
3420691,33.12, 144
3422191,33.12, 144
3423691,33.12, 144
3425191,33.12, 144
3426691,33.12, 144
3428191,33.19, 144
3429691,33.19, 144
3431191,33.19, 144
3432691,33.19, 144
3434191,33.19, 144
3435691,33.19, 144
3437191,33.19, 144
3438691,33.19, 144
3440191,33.19, 144
3441691,33.19, 144
3443191,33.19, 144
3444691,33.19, 144
3446191,33.19, 144
3447691,33.19, 144
3449191,33.19, 144
3450691,33.19, 144
3452191,33.19, 144
3453691,33.19, 144
3455191,33.19, 144
3456691,33.19, 144
3458191,33.25, 144
3459691,33.25, 144
3461191,33.25, 144
3462691,33.25, 144
3464191,33.25, 144
3465691,33.25, 144
3467191,33.19, 145
3468691,33.25, 145
3470191,33.25, 145
3471691,33.25, 145
3473191,33.25, 145
3474691,33.25, 145
3476191,33.25, 145
3477691,33.25, 145
3479191,33.25, 145
3480691,33.25, 145
3482191,33.25, 145
3483691,33.25, 145
3485191,33.25, 145
3486691,33.25, 145
3488191,33.19, 145
3489691,33.25, 145
3491191,33.25, 145
3492691,33.25, 145
3494191,33.25, 145
3495691,33.25, 145
3497191,33.25, 145
3498691,33.25, 145
3500191,33.25, 145
3501691,33.25, 145
3503191,33.25, 145
3504691,33.25, 145
3506191,33.25, 145
3507691,33.25, 145
3509191,33.25, 145
3510691,33.25, 146
3512191,33.25, 146
3513691,33.25, 146
3515191,33.25, 146
3516691,33.25, 146
3518191,33.25, 146
3519691,33.25, 146
3521191,33.25, 146
3522691,33.25, 146
3524191,33.25, 146
3525691,33.25, 146
3527191,33.25, 146
3528691,33.25, 146
3530191,33.25, 146
3531691,33.25, 146
3533191,33.25, 146
3534691,33.25, 146
3536191,33.25, 146
3537691,33.25, 146
3539191,33.25, 146
3540691,33.25, 146
3542191,33.25, 146
3543691,33.25, 146
3545191,33.25, 146
3546691,33.25, 146
3548191,33.25, 146
3549691,33.25, 146
3551191,33.25, 146
3552691,33.25, 147
3554191,33.25, 147
3555691,33.31, 146
3557191,33.31, 146
3558691,33.31, 146
3560191,33.31, 146
3561691,33.31, 146
3563191,33.31, 147
3564691,33.31, 147
3566191,33.31, 147
3567691,33.31, 147
3569191,33.31, 147
3570691,33.31, 147
3572191,33.31, 147
3573691,33.31, 147
3575191,33.31, 147
3576691,33.31, 147
3578191,33.31, 147
3579691,33.31, 147
3581191,33.31, 147
3582691,33.31, 147
3584191,33.31, 147
3585691,33.31, 147
3587191,33.31, 147
3588691,33.31, 147
3590191,33.31, 147
3591691,33.31, 147
3593191,33.31, 147
3594691,33.31, 147
3596191,33.31, 147
3597691,33.38, 147
3599191,33.38, 147
3600691,33.38, 147
3602191,33.38, 147
3603691,33.38, 147
3605191,33.38, 147
3606691,33.38, 147
3608191,33.38, 147
3609691,33.38, 147
3611191,33.38, 147
3612691,33.38, 147
3614191,33.38, 147
3615691,33.38, 147
3617191,33.38, 147
3618691,33.38, 148
3620191,33.38, 148
3621691,33.38, 148
3623191,33.38, 148
3624691,33.38, 148
3626191,33.38, 148
3627691,33.38, 148
3629191,33.38, 148
3630691,33.38, 148
3632191,33.38, 148
3633691,33.38, 148
3635191,33.38, 148
3636691,33.38, 148
3638191,33.38, 148
3639691,33.38, 148
3641191,33.38, 148
3642691,33.38, 148
3644191,33.38, 148
3645691,33.38, 148
3647191,33.38, 148
3648691,33.38, 148
3650191,33.38, 148
3651691,33.38, 148
3653191,33.38, 148
3654691,33.38, 148
3656191,33.38, 148
3657691,33.38, 148
3659191,33.38, 148
3660691,33.38, 148
3662191,33.38, 148
3663691,33.38, 149
3665191,33.38, 149
3666691,33.38, 149
3668191,33.38, 149
3669691,33.38, 149
3671191,33.38, 149
3672691,33.38, 149
3674191,33.38, 149
3675691,33.38, 149
3677191,33.38, 149
3678691,33.44, 149
3680191,33.44, 149
3681691,33.44, 149
3683191,33.44, 149
3684691,33.44, 149
3686191,33.44, 149
3687691,33.44, 149
3689191,33.44, 149
3690691,33.44, 149
3692191,33.44, 149
3693691,33.44, 149
3695191,33.44, 149
3696691,33.44, 149
3698191,33.44, 149
3699691,33.44, 149
3701191,33.44, 149
3702691,33.44, 149
3704191,33.44, 149
3705691,33.44, 149
3707191,33.50, 149
3708691,33.50, 149
3710191,33.50, 149
3711691,33.50, 149
3713191,33.50, 149
3714691,33.50, 149
3716191,33.50, 149
3717691,33.50, 149
3719191,33.50, 149
3720691,33.50, 149
3722191,33.50, 149
3723691,33.50, 149
3725191,33.50, 149
3726691,33.50, 149
3728191,33.50, 149
3729691,33.50, 149
3731191,33.50, 149
3732691,33.56, 149
3734191,33.56, 149
3735691,33.50, 150
3737191,33.56, 149
3738691,33.56, 149
3740191,33.56, 149
3741691,33.56, 149
3743191,33.56, 149
3744691,33.56, 149
3746191,33.56, 149
3747691,33.50, 150
3749191,33.50, 150
3750691,33.56, 150
3752191,33.50, 150
3753691,33.50, 150
3755191,33.50, 150
3756691,33.50, 150
3758191,33.50, 150
3759691,33.50, 150
3761191,33.50, 150
3762691,33.50, 150
3764191,33.50, 150
3765691,33.50, 150
3767191,33.50, 150
3768691,33.50, 150
3770191,33.50, 150
3771691,33.50, 150
3773191,33.50, 150
3774691,33.50, 150
3776191,33.50, 150
3777691,33.50, 150
3779191,33.50, 150
3780691,33.50, 150
3782191,33.50, 150
3783691,33.50, 150
3785191,33.50, 151
3786691,33.50, 151
3788191,33.50, 151
3789691,33.50, 151
3791191,33.50, 151
3792691,33.50, 151
3794191,33.50, 151
3795691,33.50, 151
3797191,33.50, 151
3798691,33.50, 151
3800191,33.50, 151
3801691,33.50, 151
3803191,33.50, 151
3804691,33.56, 151
3806191,33.56, 151
3807691,33.56, 151
3809191,33.56, 151
3810691,33.56, 151
3812191,33.56, 151
3813691,33.56, 151
3815191,33.56, 151
3816691,33.56, 151
3818191,33.56, 151
3819691,33.56, 151
3821191,33.56, 151
3822691,33.56, 151
3824191,33.56, 151
3825691,33.62, 151
3827191,33.62, 151
3828691,33.62, 151
3830191,33.62, 151
3831691,33.62, 151
3833191,33.62, 151
3834691,33.62, 151
3836191,33.62, 151
3837691,33.62, 151
3839191,33.62, 151
3840691,33.62, 151
3842191,33.62, 151
3843691,33.62, 151
3845191,33.62, 151
3846691,33.62, 151
3848191,33.62, 151
3849691,33.62, 151
3851191,33.62, 151
3852691,33.62, 151
3854191,33.62, 151
3855691,33.62, 151
3857191,33.62, 151
3858691,33.62, 151
3860191,33.62, 151
3861691,33.62, 151
3863191,33.62, 152
3864691,33.62, 152
3866191,33.62, 152
3867691,33.62, 152
3869191,33.62, 152
3870691,33.62, 152
3872191,33.62, 152
3873691,33.62, 152
3875191,33.62, 152
3876691,33.62, 152
3878191,33.62, 152
3879691,33.62, 152
3881191,33.62, 152
3882691,33.62, 152
3884191,33.62, 152
3885691,33.69, 152
3887191,33.69, 152
3888691,33.69, 152
3890191,33.69, 152
3891691,33.69, 152
3893191,33.69, 152
3894691,33.69, 152
3896191,33.69, 152
3897691,33.69, 152
3899191,33.69, 152
3900691,33.69, 152
3902191,33.69, 152
3903691,33.69, 152
3905191,33.69, 152
3906691,33.69, 152
3908191,33.69, 152
3909691,33.69, 152
3911191,33.75, 152
3912691,33.75, 152
3914191,33.75, 152
3915691,33.75, 152
3917191,33.75, 152
3918691,33.75, 152
3920191,33.75, 152
3921691,33.75, 152
3923191,33.75, 152
3924691,33.75, 152
3926191,33.75, 152
3927691,33.75, 152
3929191,33.75, 152
3930691,33.75, 152
3932191,33.75, 152
3933691,33.75, 152
3935191,33.75, 152
3936691,33.75, 152
3938191,33.75, 152
3939691,33.75, 152
3941191,33.75, 152
3942691,33.75, 152
3944191,33.75, 152
3945691,33.75, 152
3947191,33.75, 153
3948691,33.75, 153
3950191,33.75, 153
3951691,33.75, 153
3953191,33.75, 153
3954691,33.75, 153
3956191,33.75, 153
3957691,33.75, 153
3959191,33.75, 153
3960691,33.75, 153
3962191,33.75, 153
3963691,33.75, 153
3965191,33.75, 153
3966691,33.75, 153
3968191,33.75, 153
3969691,33.75, 153
3971191,33.75, 153
3972691,33.75, 153
3974191,33.75, 153
3975691,33.75, 153
3977191,33.75, 153
3978691,33.75, 153
3980191,33.75, 153
3981691,33.75, 153
3983191,33.75, 153
3984691,33.81, 153
3986191,33.75, 153
3987691,33.75, 153
3989191,33.75, 153
3990691,33.75, 153
3992191,33.75, 153
3993691,33.75, 153
3995191,33.75, 153
3996691,33.75, 153
3998191,33.81, 153
3999691,33.75, 153
4001191,33.81, 153
4002691,33.75, 153
4004191,33.75, 153
4005691,33.81, 153
4007191,33.75, 154
4008691,33.75, 154
4010191,33.81, 153
4011691,33.81, 153
4013191,33.75, 154
4014691,33.75, 154
4016191,33.75, 154
4017691,33.75, 154
4019191,33.75, 154
4020691,33.81, 153
4022191,33.75, 154
4023691,33.81, 154
4025191,33.81, 154
4026691,33.75, 154
4028191,33.81, 154
4029691,33.81, 154
4031191,33.81, 154
4032691,33.81, 154
4034191,33.75, 154
4035691,33.81, 154
4037191,33.81, 154
4038691,33.75, 154
4040191,33.75, 154
4041691,33.75, 154
4043191,33.81, 154
4044691,33.81, 154
4046191,33.81, 154
4047691,33.81, 154
4049191,33.81, 154
4050691,33.81, 154
4052191,33.81, 154
4053691,33.81, 154
4055191,33.81, 154
4056691,33.81, 154
4058191,33.81, 154
4059691,33.81, 154
4061191,33.81, 154
4062691,33.75, 154
4064191,33.75, 154
4065691,33.81, 154
4067191,33.81, 154
4068691,33.75, 155
4070191,33.81, 154
4071691,33.81, 154
4073191,33.75, 155
4074691,33.75, 155
4076191,33.75, 155
4077691,33.75, 155
4079191,33.75, 155
4080691,33.75, 155
4082191,33.75, 155
4083691,33.75, 155
4085191,33.75, 155
4086691,33.75, 155
4088191,33.75, 155
4089691,33.75, 155
4091191,33.75, 155
4092691,33.75, 155
4094191,33.75, 155
4095691,33.75, 155
4097191,33.75, 155
4098691,33.75, 155
4100191,33.75, 155
4101691,33.75, 155
4103191,33.75, 155
4104691,33.75, 155
4106191,33.81, 155
4107691,33.75, 155
4109191,33.81, 155
4110691,33.81, 155
4112191,33.81, 155
4113691,33.81, 155
4115191,33.81, 155
4116691,33.81, 155
4118191,33.81, 155
4119691,33.81, 155
4121191,33.81, 155
4122691,33.81, 155
4124191,33.81, 155
4125691,33.81, 155
4127191,33.81, 155
4128691,33.81, 155
4130191,33.81, 155
4131691,33.81, 155
4133191,33.81, 155
4134691,33.81, 155
4136191,33.81, 155
4137691,33.81, 155
4139191,33.81, 155
4140691,33.81, 155
4142191,33.81, 156
4143691,33.81, 156
4145191,33.81, 156
4146691,33.81, 156
4148191,33.81, 156
4149691,33.81, 156
4151191,33.81, 156
4152691,33.81, 156
4154191,33.81, 156
4155691,33.81, 156
4157191,33.81, 156
4158691,33.81, 156
4160191,33.81, 156
4161691,33.81, 156
4163191,33.81, 156
4164691,33.81, 156
4166191,33.81, 156
4167691,33.81, 156
4169191,33.81, 156
4170691,33.81, 156
4172191,33.81, 156
4173691,33.81, 156
4175191,33.81, 156
4176691,33.81, 156
4178191,33.81, 156
4179691,33.81, 156
4181191,33.81, 156
4182691,33.75, 156
4184191,33.75, 156
4185691,33.75, 156
4187191,33.75, 156
4188691,33.75, 157
4190191,33.75, 157
4191691,33.75, 157
4193191,33.75, 157
4194691,33.75, 157
4196191,33.75, 157
4197691,33.75, 157
4199191,33.75, 157
4200691,33.75, 157
4202191,33.75, 157
4203691,33.75, 157
4205191,33.75, 157
4206691,33.75, 157
4208191,33.75, 157
4209691,33.75, 157
4211191,33.75, 157
4212691,33.75, 157
4214191,33.75, 157
4215691,33.75, 157
4217191,33.75, 157
4218691,33.75, 157
4220191,33.75, 157
4221691,33.75, 157
4223191,33.75, 157
4224691,33.75, 157
4226191,33.75, 157
4227691,33.75, 157
4229191,33.75, 157
4230691,33.75, 157
4232191,33.75, 157
4233691,33.75, 157
4235191,33.75, 157
4236691,33.75, 157
4238191,33.75, 157
4239691,33.75, 157
4241191,33.75, 157
4242691,33.75, 157
4244191,33.75, 157
4245691,33.75, 157
4247191,33.75, 158
4248691,33.75, 158
4250191,33.75, 158
4251691,33.75, 158
4253191,33.75, 158
4254691,33.75, 158
4256191,33.75, 158
4257691,33.75, 158
4259191,33.75, 158
4260691,33.75, 158
4262191,33.75, 158
4263691,33.75, 158
4265191,33.75, 158
4266691,33.75, 158
4268191,33.75, 158
4269691,33.75, 158
4271191,33.75, 158
4272691,33.75, 158
4274191,33.75, 158
4275691,33.75, 158
4277191,33.75, 158
4278691,33.75, 158
4280191,33.75, 158
4281691,33.75, 158
4283191,33.75, 158
4284691,33.75, 158
4286191,33.75, 158
4287691,33.75, 158
4289191,33.75, 158
4290691,33.75, 158
4292191,33.75, 158
4293691,33.75, 158
4295191,33.75, 158
4296691,33.75, 158
4298191,33.75, 158
4299691,33.75, 158
4301191,33.75, 158
4302691,33.75, 158
4304191,33.75, 158
4305691,33.75, 159
4307191,33.75, 159
4308691,33.81, 158
4310191,33.75, 159
4311691,33.81, 158
4313191,33.81, 158
4314691,33.81, 158
4316191,33.75, 159
4317691,33.75, 159
4319191,33.75, 159
4320691,33.75, 159
4322191,33.75, 159
4323691,33.75, 159
4325191,33.75, 159
4326691,33.75, 159
4328191,33.75, 159
4329691,33.75, 159
4331191,33.75, 159
4332691,33.75, 159
4334191,33.75, 159
4335691,33.75, 159
4337191,33.75, 159
4338691,33.75, 159
4340191,33.75, 159
4341691,33.75, 159
4343191,33.75, 159
4344691,33.75, 159
4346191,33.75, 159
4347691,33.75, 159
4349191,33.75, 159
4350691,33.75, 159
4352191,33.75, 159
4353691,33.75, 159
4355191,33.75, 159
4356691,33.75, 159
4358191,33.75, 159
4359691,33.75, 159
4361191,33.75, 159
4362691,33.75, 159
4364191,33.75, 160
4365691,33.75, 160
4367191,33.75, 160
4368691,33.75, 160
4370191,33.75, 160
4371691,33.75, 160
4373191,33.75, 160
4374691,33.75, 160
4376191,33.75, 160
4377691,33.75, 160
4379191,33.81, 160
4380691,33.75, 160
4382191,33.75, 160
4383691,33.75, 160
4385191,33.75, 160
4386691,33.81, 160
4388191,33.75, 160
4389691,33.75, 160
4391191,33.75, 160
4392691,33.75, 160
4394191,33.75, 160
4395691,33.81, 160
4397191,33.81, 160
4398691,33.81, 160
4400191,33.81, 160
4401691,33.81, 160
4403191,33.81, 160
4404691,33.81, 160
4406191,33.81, 160
4407691,33.81, 160
4409191,33.81, 160
4410691,33.81, 160
4412191,33.81, 160
4413691,33.81, 160
4415191,33.81, 160
4416691,33.81, 160
4418191,33.81, 160
4419691,33.81, 160
4421191,33.81, 160
4422691,33.81, 160
4424191,33.81, 160
4425691,33.81, 160
4427191,33.81, 160
4428691,33.81, 160
4430191,33.81, 160
4431691,33.81, 160
4433191,33.88, 160
4434691,33.81, 160
4436191,33.81, 160
4437691,33.81, 160
4439191,33.81, 160
4440691,33.88, 160
4442191,33.88, 160
4443691,33.88, 160
4445191,33.88, 160
4446691,33.88, 160
4448191,33.81, 161
4449691,33.88, 160
4451191,33.88, 160
4452691,33.88, 160
4454191,33.88, 160
4455691,33.81, 161
4457191,33.81, 161
4458691,33.81, 161
4460191,33.81, 161
4461691,33.81, 161
4463191,33.88, 161
4464691,33.81, 161
4466191,33.81, 161
4467691,33.81, 161
4469191,33.81, 161
4470691,33.81, 161
4472191,33.81, 161
4473691,33.81, 161
4475191,33.81, 161
4476691,33.88, 161
4478191,33.81, 161
4479691,33.88, 161
4481191,33.81, 161
4482691,33.81, 161
4484191,33.81, 161
4485691,33.88, 161
4487191,33.81, 161
4488691,33.81, 161
4490191,33.88, 161
4491691,33.88, 161
4493191,33.81, 161
4494691,33.88, 161
4496191,33.88, 161
4497691,33.88, 161
4499191,33.81, 161
4500691,33.88, 161
4502191,33.81, 161
4503691,33.88, 161
4505191,33.88, 161
4506691,33.88, 161
4508191,33.88, 161
4509691,33.88, 161
4511191,33.88, 161
4512691,33.88, 161
4514191,33.88, 161
4515691,33.88, 161
4517191,33.88, 161
4518691,33.88, 161
4520191,33.88, 162
4521691,33.88, 162
4523191,33.88, 162
4524691,33.88, 162
4526191,33.88, 162
4527691,33.88, 162
4529191,33.94, 161
4530691,33.94, 161
4532191,33.94, 161
4533691,33.94, 161
4535191,33.94, 161
4536691,33.94, 162
4538191,33.94, 162
4539691,33.94, 162
4541191,33.94, 162
4542691,33.88, 162
4544191,33.94, 162
4545691,33.88, 162
4547191,33.94, 162
4548691,33.88, 162
4550191,33.94, 162
4551691,33.88, 162
4553191,33.88, 162
4554691,33.88, 162
4556191,33.88, 162
4557691,33.88, 162
4559191,33.88, 162
4560691,33.88, 162
4562191,33.94, 162
4563691,33.88, 162
4565191,33.88, 162
4566691,33.94, 162
4568191,33.94, 162
4569691,33.94, 162
4571191,33.94, 162
4572691,33.94, 162
4574191,33.94, 162
4575691,33.94, 162
4577191,33.94, 162
4578691,33.94, 162
4580191,33.94, 162
4581691,33.94, 162
4583191,33.94, 162
4584691,33.94, 162
4586191,33.94, 162
4587691,33.94, 162
4589191,33.94, 162
4590691,33.94, 162
4592191,33.94, 162
4593691,33.94, 162
4595191,33.94, 162
4596691,33.94, 162
4598191,33.94, 162
4599691,33.94, 162
4601191,33.94, 162
4602691,33.94, 162
4604191,33.94, 163
4605691,33.94, 163
4607191,33.94, 163
4608691,33.94, 163
4610191,33.94, 163
4611691,33.94, 163
4613191,33.94, 163
4614691,33.94, 163
4616191,33.94, 163
4617691,34.00, 162
4619191,34.00, 162
4620691,34.00, 162
4622191,34.00, 163
4623691,34.00, 163
4625191,34.00, 163
4626691,34.00, 163
4628191,34.00, 163
4629691,34.00, 163
4631191,34.00, 163
4632691,34.00, 163
4634191,34.00, 163
4635691,34.00, 163
4637191,34.00, 163
4638691,34.06, 162
4640191,34.06, 162
4641691,34.06, 163
4643191,34.06, 163
4644691,34.12, 162
4646191,34.12, 162
4647691,34.12, 162
4649191,34.12, 162
4650691,34.12, 162
4652191,34.19, 162
4653691,34.19, 162
4655191,34.19, 162
4656691,34.19, 162
4658191,34.19, 162
4659691,34.19, 162
4661191,34.19, 162
4662691,34.19, 162
4664191,34.19, 162
4665691,34.19, 162
4667191,34.19, 162
4668691,34.19, 162
4670191,34.19, 162
4671691,34.19, 162
4673191,34.19, 162
4674691,34.19, 162
4676191,34.19, 162
4677691,34.19, 162
4679191,34.19, 162
4680691,34.19, 162
4682191,34.19, 162
4683691,34.19, 162
4685191,34.19, 162
4686691,34.19, 163
4688191,34.19, 163
4689691,34.19, 163
4691191,34.19, 163
4692691,34.19, 163
4694191,34.19, 163
4695691,34.19, 163
4697191,34.19, 163
4698691,34.19, 163
4700191,34.19, 163
4701691,34.19, 163
4703191,34.19, 163
4704691,34.12, 163
4706191,34.19, 163
4707691,34.12, 163
4709191,34.19, 163
4710691,34.12, 163
4712191,34.12, 163
4713691,34.12, 163
4715191,34.12, 163
4716691,34.12, 163
4718191,34.12, 163
4719691,34.12, 163
4721191,34.12, 163
4722691,34.12, 163
4724191,34.12, 163
4725691,34.12, 163
4727191,34.12, 163
4728691,34.12, 163
4730191,34.12, 163
4731691,34.12, 163
4733191,34.12, 163
4734691,34.12, 163
4736191,34.12, 163
4737691,34.12, 163
4739191,34.12, 163
4740691,34.12, 163
4742191,34.12, 163
4743691,34.12, 163
4745191,34.12, 163
4746691,34.12, 163
4748191,34.12, 163
4749691,34.06, 164
4751191,34.06, 164
4752691,34.06, 164
4754191,34.06, 164
4755691,34.06, 164
4757191,34.06, 164
4758691,34.06, 164
4760191,34.06, 164
4761691,34.06, 164
4763191,34.06, 164
4764691,34.06, 164
4766191,34.06, 164
4767691,34.06, 164
4769191,34.06, 164
4770691,34.06, 164
4772191,34.06, 164
4773691,34.06, 164
4775191,34.06, 164
4776691,34.06, 164
4778191,34.06, 164
4779691,34.06, 164
4781191,34.06, 164
4782691,34.06, 164
4784191,34.06, 164
4785691,34.06, 164
4787191,34.06, 164
4788691,34.06, 164
4790191,34.06, 164
4791691,34.06, 164
4793191,34.06, 164
4794691,34.06, 164
4796191,34.06, 164
4797691,34.06, 164
4799191,34.06, 164
4800691,34.06, 164
4802191,34.06, 164
4803691,34.06, 164
4805191,34.06, 164
4806691,34.06, 164
4808191,34.06, 165
4809691,34.06, 165
4811191,34.06, 165
4812691,34.06, 165
4814191,34.06, 165
4815691,34.06, 165
4817191,34.06, 165
4818691,34.06, 165
4820191,34.06, 165
4821691,34.06, 165
4823191,34.06, 165
4824691,34.06, 165
4826191,34.06, 165
4827691,34.06, 165
4829191,34.06, 165
4830691,34.06, 165
4832191,34.06, 165
4833691,34.06, 165
4835191,34.06, 165
4836691,34.06, 165
4838191,34.06, 165
4839691,34.06, 165
4841191,34.06, 165
4842691,34.06, 165
4844191,34.06, 165
4845691,34.06, 165
4847191,34.06, 165
4848691,34.06, 165
4850191,34.06, 165
4851691,34.06, 165
4853191,34.06, 165
4854691,34.06, 165
4856191,34.06, 165
4857691,34.06, 165
4859191,34.06, 165
4860691,34.06, 165
4862191,34.06, 165
4863691,34.06, 165
4865191,34.06, 165
4866691,34.06, 165
4868191,34.06, 165
4869691,34.06, 165
4871191,34.06, 165
4872691,34.06, 165
4874191,34.06, 165
4875691,34.06, 165
4877191,34.06, 165
4878691,34.06, 165
4880191,34.06, 165
4881691,34.06, 165
4883191,34.06, 165
4884691,34.06, 165
4886191,34.06, 166
4887691,34.00, 166
4889191,34.00, 166
4890691,34.00, 166
4892191,34.00, 166
4893691,34.06, 166
4895191,34.00, 166
4896691,34.00, 166
4898191,34.00, 166
4899691,34.00, 166
4901191,34.00, 166
4902691,34.00, 166
4904191,34.00, 166
4905691,34.00, 166
4907191,34.00, 166
4908691,34.00, 166
4910191,34.00, 166
4911691,34.00, 166
4913191,34.00, 166
4914691,34.00, 166
4916191,34.00, 166
4917691,34.00, 166
4919191,34.00, 166
4920691,34.00, 166
4922191,34.00, 166
4923691,34.00, 166
4925191,34.00, 166
4926691,34.00, 166
4928191,34.00, 166
4929691,34.00, 166
4931191,34.00, 166
4932691,34.00, 166
4934191,34.00, 166
4935691,34.00, 166
4937191,34.00, 166
4938691,34.00, 166
4940191,33.94, 167
4941691,33.94, 167
4943191,33.94, 167
4944691,33.94, 167
4946191,33.94, 167
4947691,33.94, 167
4949191,33.94, 167
4950691,33.94, 167
4952191,33.94, 167
4953691,33.94, 167
4955191,33.94, 167
4956691,33.94, 167
4958191,33.94, 167
4959691,33.94, 167
4961191,33.94, 167
4962691,33.94, 167
4964191,33.94, 167
4965691,33.94, 167
4967191,33.94, 167
4968691,33.94, 167
4970191,33.94, 167
4971691,33.94, 167
4973191,33.94, 167
4974691,33.94, 167
4976191,33.94, 167
4977691,33.94, 167
4979191,33.94, 167
4980691,33.94, 167
4982191,33.94, 167
4983691,33.94, 167
4985191,33.94, 167
4986691,33.94, 167
4988191,33.94, 167
4989691,33.94, 167
4991191,33.94, 167
4992691,33.94, 168
4994191,33.94, 168
4995691,33.94, 168
4997191,33.94, 168
4998691,33.94, 168
5000191,33.94, 168
5001691,33.94, 168
5003191,33.94, 168
5004691,33.94, 168
5006191,33.94, 168
5007691,33.94, 168
5009191,33.94, 168
5010691,33.94, 168
5012191,33.94, 168
5013691,33.94, 168
5015191,33.94, 168
5016691,33.94, 168
5018191,33.94, 168
5019691,33.94, 168
5021191,33.94, 168
5022691,33.94, 168
5024191,33.94, 168
5025691,33.94, 168
5027191,33.94, 168
5028691,33.94, 168
5030191,33.94, 168
5031691,33.94, 168
5033191,33.94, 168
5034691,33.94, 168
5036191,33.94, 168
5037691,33.94, 168
5039191,33.94, 168
5040691,33.94, 168
5042191,33.94, 168
5043691,33.94, 168
5045191,33.94, 168
5046691,33.94, 168
5048191,33.94, 168
5049691,33.94, 168
5051191,33.94, 168
5052691,33.94, 168
5054191,33.94, 168
5055691,33.94, 168
5057191,33.94, 168
5058691,33.94, 168
5060191,33.94, 168
5061691,33.94, 169
5063191,33.94, 169
5064691,33.94, 169
5066191,33.94, 169
5067691,33.94, 169
5069191,33.94, 169
5070691,33.94, 169
5072191,33.94, 169
5073691,33.94, 169
5075191,33.94, 169
5076691,33.94, 169
5078191,33.94, 169
5079691,33.94, 169
5081191,33.94, 169
5082691,33.94, 169
5084191,33.94, 169
5085691,33.94, 169
5087191,33.94, 169
5088691,33.94, 169
5090191,33.94, 169
5091691,33.94, 169
5093191,33.94, 169
5094691,33.94, 169
5096191,33.94, 169
5097691,33.94, 169
5099191,33.94, 169
5100691,33.94, 169
5102191,33.94, 169
5103691,33.94, 169
5105191,33.94, 169
5106691,33.94, 169
5108191,33.94, 169
5109691,33.94, 169
5111191,33.94, 169
5112691,33.94, 169
5114191,33.94, 169
5115691,33.94, 169
5117191,33.94, 169
5118691,33.94, 169
5120191,33.94, 169
5121691,33.94, 169
5123191,33.94, 169
5124691,33.94, 169
5126191,33.94, 169
5127691,33.94, 169
5129191,33.94, 169
5130691,33.94, 170
5132191,33.94, 170
5133691,33.94, 170
5135191,33.94, 170
5136691,33.94, 170
5138191,33.94, 170
5139691,33.94, 170
5141191,33.94, 170
5142691,33.94, 170
5144191,33.94, 170
5145691,33.94, 170
5147191,33.94, 170
5148691,33.94, 170
5150191,33.94, 170
5151691,33.94, 170
5153191,33.94, 170
5154691,33.94, 170
5156191,33.94, 170
5157691,33.94, 170
5159191,33.94, 170
5160691,33.94, 170
5162191,34.00, 170
5163691,33.94, 170
5165191,33.94, 170
5166691,33.94, 170
5168191,33.94, 170
5169691,33.94, 170
5171191,34.00, 170
5172691,33.94, 170
5174191,33.94, 170
5175691,34.00, 170
5177191,34.00, 170
5178691,34.00, 170
5180191,34.00, 170
5181691,34.00, 170
5183191,34.00, 170
5184691,34.00, 170
5186191,34.00, 170
5187691,34.00, 170
5189191,34.00, 170
5190691,34.00, 170
5192191,34.00, 170
5193691,34.00, 170
5195191,34.00, 170
5196691,34.00, 170
5198191,34.00, 170
5199691,34.06, 170
5201191,34.06, 170
5202691,34.06, 170
5204191,34.06, 170
5205691,34.06, 170
5207191,34.06, 170
5208691,34.06, 170
5210191,34.06, 170
5211691,34.06, 170
5213191,34.06, 170
5214691,34.06, 170
5216191,34.06, 170
5217691,34.06, 170
5219191,34.06, 170
5220691,34.06, 170
5222191,34.06, 170
5223691,34.06, 170
5225191,34.06, 170
5226691,34.06, 170
5228191,34.06, 170
5229691,34.06, 170
5231191,34.06, 170
5232691,34.06, 170
5234191,34.06, 170
5235691,34.06, 170
5237191,34.06, 170
5238691,34.06, 170
5240191,34.06, 170
5241691,34.06, 171
5243191,34.06, 171
5244691,34.06, 171
5246191,34.06, 171
5247691,34.06, 171
5249191,34.06, 171
5250691,34.06, 171
5252191,34.06, 171
5253691,34.06, 171
5255191,34.06, 171
5256691,34.06, 171
5258191,34.06, 171
5259691,34.06, 171
5261191,34.06, 171
5262691,34.06, 171
5264191,34.06, 171
5265691,34.06, 171
5267191,34.06, 171
5268691,34.06, 171
5270191,34.06, 171
5271691,34.06, 171
5273191,34.06, 171
5274691,34.06, 171
5276191,34.06, 171
5277691,34.06, 171
5279191,34.06, 171
5280691,34.06, 171
5282191,34.06, 171
5283691,34.06, 171
5285191,34.06, 171
5286691,34.06, 171
5288191,34.06, 171
5289691,34.06, 171
5291191,34.06, 171
5292691,34.06, 171
5294191,34.06, 171
5295691,34.06, 171
5297191,34.06, 171
5298691,34.06, 171
5300191,34.06, 171
5301691,34.06, 171
5303191,34.06, 171
5304691,34.06, 171
5306191,34.06, 171
5307691,34.06, 171
5309191,34.06, 171
5310691,34.06, 171
5312191,34.06, 171
5313691,34.06, 171
5315191,34.06, 171
5316691,34.06, 171
5318191,34.06, 171
5319691,34.06, 172
5321191,34.06, 172
5322691,34.06, 172
5324191,34.06, 172
5325691,34.06, 172
5327191,34.06, 172
5328691,34.06, 172
5330191,34.06, 172
5331691,34.06, 172
5333191,34.06, 172
5334691,34.06, 172
5336191,34.06, 172
5337691,34.06, 172
5339191,34.06, 172
5340691,34.06, 172
5342191,34.06, 172
5343691,34.06, 172
5345191,34.06, 172
5346691,34.06, 172
5348191,34.06, 172
5349691,34.06, 172
5351191,34.06, 172
5352691,34.06, 172
5354191,34.06, 172
5355691,34.06, 172
5357191,34.12, 172
5358691,34.06, 172
5360191,34.06, 172
5361691,34.12, 172
5363191,34.06, 172
5364691,34.06, 172
5366191,34.12, 172
5367691,34.12, 172
5369191,34.12, 172
5370691,34.12, 172
5372191,34.12, 172
5373691,34.12, 172
5375191,34.12, 172
5376691,34.12, 172
5378191,34.12, 172
5379691,34.12, 172
5381191,34.12, 172
5382691,34.12, 172
5384191,34.12, 172
5385691,34.12, 172
5387191,34.12, 172
5388691,34.12, 172
5390191,34.12, 172
5391691,34.12, 172
5393191,34.12, 172
5394691,34.12, 172
5396191,34.12, 172
5397691,34.12, 172
5399191,34.12, 172
5400691,34.12, 172
5402191,34.12, 172
5403691,34.12, 172
5405191,34.12, 172
5406691,34.12, 172
5408191,34.12, 172
5409691,34.12, 172
5411191,34.12, 172
5412691,34.12, 172
5414191,34.12, 172
5415691,34.12, 172
5417191,34.12, 172
5418691,34.06, 173
5420191,34.06, 173
5421691,34.06, 173
5423191,34.06, 173
5424691,34.06, 173
5426191,34.06, 173
5427691,34.06, 173
5429191,34.06, 173
5430691,34.06, 173
5432191,34.06, 173
5433691,34.06, 173
5435191,34.06, 173
5436691,34.06, 173
5438191,34.06, 173
5439691,34.06, 173
5441191,34.06, 173
5442691,34.06, 173
5444191,34.06, 173
5445691,34.06, 173
5447191,34.06, 173
5448691,34.06, 173
5450191,34.06, 173
5451691,34.06, 173
5453191,34.06, 173
5454691,34.12, 173
5456191,34.12, 173
5457691,34.12, 173
5459191,34.12, 173
5460691,34.12, 173
5462191,34.12, 173
5463691,34.12, 173
5465191,34.12, 173
5466691,34.12, 173
5468191,34.12, 173
5469691,34.12, 173
5471191,34.12, 173
5472691,34.12, 173
5474191,34.12, 173
5475691,34.12, 173
5477191,34.12, 173
5478691,34.12, 173
5480191,34.12, 173
5481691,34.12, 173
5483191,34.12, 173
5484691,34.19, 173
5486191,34.19, 173
5487691,34.19, 173
5489191,34.19, 173
5490691,34.19, 173
5492191,34.19, 173
5493691,34.19, 173
5495191,34.19, 173
5496691,34.19, 173
5498191,34.19, 173
5499691,34.19, 173
5501191,34.19, 173
5502691,34.19, 173
5504191,34.19, 173
5505691,34.19, 173
5507191,34.12, 174
5508691,34.12, 174
5510191,34.12, 174
5511691,34.12, 174
5513191,34.12, 174
5514691,34.12, 174
5516191,34.12, 174
5517691,34.12, 174
5519191,34.12, 174
5520691,34.12, 174
5522191,34.12, 174
5523691,34.12, 174
5525191,34.12, 174
5526691,34.12, 174
5528191,34.12, 174
5529691,34.12, 174
5531191,34.12, 174
5532691,34.12, 174
5534191,34.12, 174
5535691,34.12, 174
5537191,34.12, 174
5538691,34.12, 174
5540191,34.12, 174
5541691,34.12, 174
5543191,34.12, 174
5544691,34.12, 174
5546191,34.12, 174
5547691,34.12, 174
5549191,34.12, 174
5550691,34.12, 174
5552191,34.12, 174
5553691,34.12, 174
5555191,34.12, 174
5556691,34.12, 174
5558191,34.12, 174
5559691,34.12, 174
5561191,34.12, 174
5562691,34.12, 174
5564191,34.12, 174
5565691,34.12, 174
5567191,34.12, 174
5568691,34.12, 174
5570191,34.12, 174
5571691,34.12, 174
5573191,34.12, 174
5574691,34.12, 174
5576191,34.12, 174
5577691,34.12, 174
5579191,34.12, 174
5580691,34.12, 174
5582191,34.12, 174
5583691,34.12, 174
5585191,34.12, 174
5586691,34.12, 175
5588191,34.12, 175
5589691,34.12, 175
5591191,34.12, 175
5592691,34.12, 175
5594191,34.12, 175
5595691,34.12, 175
5597191,34.12, 175
5598691,34.12, 175
5600191,34.12, 175
5601691,34.12, 175
5603191,34.12, 175
5604691,34.12, 175
5606191,34.12, 175
5607691,34.12, 175
5609191,34.12, 175
5610691,34.12, 175
5612191,34.12, 175
5613691,34.12, 175
5615191,34.12, 175
5616691,34.12, 175
5618191,34.12, 175
5619691,34.12, 175
5621191,34.12, 175
5622691,34.12, 175
5624191,34.12, 175
5625691,34.19, 175
5627191,34.19, 175
5628691,34.19, 175
5630191,34.19, 175
5631691,34.19, 175
5633191,34.19, 175
5634691,34.19, 175
5636191,34.19, 175
5637691,34.19, 175
5639191,34.19, 175
5640691,34.19, 175
5642191,34.19, 175
5643691,34.19, 175
5645191,34.25, 175
5646691,34.25, 175
5648191,34.25, 175
5649691,34.25, 175
5651191,34.25, 175
5652691,34.25, 175
5654191,34.25, 175
5655691,34.25, 175
5657191,34.25, 175
5658691,34.25, 175
5660191,34.25, 175
5661691,34.25, 175
5663191,34.25, 175
5664691,34.25, 175
5666191,34.25, 175
5667691,34.25, 175
5669191,34.25, 175
5670691,34.25, 175
5672191,34.25, 175
5673691,34.25, 175
5675191,34.25, 175
5676691,34.25, 175
5678191,34.25, 175
5679691,34.25, 175
5681191,34.25, 175
5682691,34.25, 175
5684191,34.25, 175
5685691,34.25, 175
5687191,34.25, 175
5688691,34.31, 175
5690191,34.31, 175
5691691,34.31, 175
5693191,34.31, 175
5694691,34.31, 175
5696191,34.31, 175
5697691,34.31, 175
5699191,34.31, 175
5700691,34.31, 175
5702191,34.31, 175
5703691,34.31, 175
5705191,34.31, 175
5706691,34.31, 175
5708191,34.31, 175
5709691,34.31, 175
5711191,34.31, 175
5712691,34.31, 175
5714191,34.31, 175
5715691,34.31, 175
5717191,34.31, 175
5718691,34.31, 175
5720191,34.31, 175
5721691,34.31, 175
5723191,34.31, 175
5724691,34.31, 175
5726191,34.31, 175
5727691,34.31, 175
5729191,34.38, 175
5730691,34.38, 175
5732191,34.38, 175
5733691,34.38, 175
5735191,34.38, 175
5736691,34.44, 175
5738191,34.44, 175
5739691,34.44, 175
5741191,34.44, 175
5742691,34.44, 175
5744191,34.44, 175
5745691,34.44, 175
5747191,34.50, 175
5748691,34.50, 175
5750191,34.50, 175
5751691,34.50, 175
5753191,34.50, 175
5754691,34.50, 175
5756191,34.50, 175
5757691,34.50, 175
5759191,34.50, 175
5760691,34.56, 174
5762191,34.50, 175
5763691,34.56, 174
5765191,34.56, 174
5766691,34.56, 174
5768191,34.56, 174
5769691,34.56, 175
5771191,34.56, 175
5772691,34.56, 175
5774191,34.56, 175
5775691,34.56, 175
5777191,34.56, 175
5778691,34.56, 175
5780191,34.62, 174
5781691,34.62, 174
5783191,34.62, 174
5784691,34.62, 174
5786191,34.62, 174
5787691,34.62, 174
5789191,34.62, 174
5790691,34.62, 174
5792191,34.62, 174
5793691,34.62, 174
5795191,34.62, 174
5796691,34.62, 174
5798191,34.62, 174
5799691,34.62, 174
5801191,34.62, 174
5802691,34.62, 174
5804191,34.62, 174
5805691,34.62, 174
5807191,34.62, 174
5808691,34.62, 174
5810191,34.62, 174
5811691,34.62, 174
5813191,34.62, 174
5814691,34.62, 174
5816191,34.62, 174
5817691,34.62, 175
5819191,34.62, 175
5820691,34.62, 175
5822191,34.62, 175
5823691,34.62, 175
5825191,34.62, 175
5826691,34.69, 174
5828191,34.69, 174
5829691,34.62, 175
5831191,34.62, 175
5832691,34.69, 174
5834191,34.69, 174
5835691,34.62, 175
5837191,34.69, 174
5838691,34.62, 175
5840191,34.62, 175
5841691,34.69, 174
5843191,34.62, 175
5844691,34.62, 175
5846191,34.62, 175
5847691,34.62, 175
5849191,34.62, 175
5850691,34.62, 175
5852191,34.62, 175
5853691,34.62, 175
5855191,34.62, 175
5856691,34.56, 175
5858191,34.56, 175
5859691,34.56, 175
5861191,34.56, 175
5862691,34.56, 175
5864191,34.56, 175
5865691,34.56, 175
5867191,34.56, 175
5868691,34.50, 175
5870191,34.50, 175
5871691,34.50, 175
5873191,34.50, 175
5874691,34.50, 175
5876191,34.50, 175
5877691,34.50, 175
5879191,34.50, 175
5880691,34.50, 175
5882191,34.50, 175
5883691,34.50, 175
5885191,34.50, 175
5886691,34.50, 175
5888191,34.50, 175
5889691,34.50, 175
5891191,34.50, 175
5892691,34.50, 175
5894191,34.50, 175
5895691,34.50, 175
5897191,34.50, 175
5898691,34.50, 175
5900191,34.50, 175
5901691,34.50, 176
5903191,34.50, 176
5904691,34.50, 176
5906191,34.50, 176
5907691,34.50, 176
5909191,34.50, 176
5910691,34.50, 176
5912191,34.50, 176
5913691,34.50, 176
5915191,34.50, 176
5916691,34.50, 176
5918191,34.50, 176
5919691,34.50, 176
5921191,34.50, 176
5922691,34.50, 176
5924191,34.56, 175
5925691,34.50, 176
5927191,34.50, 176
5928691,34.56, 175
5930191,34.50, 176
5931691,34.56, 175
5933191,34.50, 176
5934691,34.56, 175
5936191,34.56, 175
5937691,34.50, 176
5939191,34.56, 176
5940691,34.50, 176
5942191,34.56, 176
5943691,34.56, 176
5945191,34.56, 176
5946691,34.56, 176
5948191,34.56, 176
5949691,34.56, 176
5951191,34.56, 176
5952691,34.56, 176
5954191,34.56, 176
5955691,34.56, 176
5957191,34.56, 176
5958691,34.56, 176
5960191,34.56, 176
5961691,34.56, 176
5963191,34.56, 176
5964691,34.56, 176
5966191,34.56, 176
5967691,34.56, 176
5969191,34.56, 176
5970691,34.62, 175
5972191,34.62, 175
5973691,34.62, 175
5975191,34.62, 175
5976691,34.62, 175
5978191,34.62, 175
5979691,34.62, 175
5981191,34.62, 175
5982691,34.62, 175
5984191,34.62, 176
5985691,34.62, 176
5987191,34.69, 175
5988691,34.69, 175
5990191,34.69, 175
5991691,34.69, 175
5993191,34.69, 175
5994691,34.69, 175
5996191,34.75, 175
5997691,34.75, 175
5999191,34.75, 175
6000691,34.75, 175
6002191,34.75, 175
6003691,34.75, 175
6005191,34.75, 175
6006691,34.75, 175
6008191,34.75, 175
6009691,34.75, 175
6011191,34.75, 175
6012691,34.75, 175
6014191,34.81, 175
6015691,34.81, 175
6017191,34.81, 175
6018691,34.81, 175
6020191,34.81, 175
6021691,34.81, 175
6023191,34.81, 175
6024691,34.81, 175
6026191,34.81, 175
6027691,34.81, 175
6029191,34.81, 175
6030691,34.81, 175
6032191,34.81, 175
6033691,34.81, 175
6035191,34.81, 175
6036691,34.81, 175
6038191,34.81, 175
6039691,34.81, 175
6041191,34.88, 175
6042691,34.81, 175
6044191,34.81, 175
6045691,34.81, 175
6047191,34.81, 175
6048691,34.88, 175
6050191,34.88, 175
6051691,34.88, 175
6053191,34.88, 175
6054691,34.88, 175
6056191,34.88, 175
6057691,34.88, 175
6059191,34.88, 175
6060691,34.88, 175
6062191,34.88, 175
6063691,34.88, 175
6065191,34.94, 174
6066691,34.94, 174
6068191,34.94, 174
6069691,34.94, 174
6071191,34.94, 174
6072691,34.94, 174
6074191,34.94, 174
6075691,34.94, 174
6077191,34.94, 174
6078691,35.00, 174
6080191,34.94, 174
6081691,34.94, 174
6083191,34.94, 174
6084691,34.94, 174
6086191,34.94, 174
6087691,34.94, 174
6089191,34.94, 174
6090691,34.94, 174
6092191,34.94, 174
6093691,34.94, 174
6095191,34.94, 174
6096691,34.94, 174
6098191,34.94, 174
6099691,34.94, 174
6101191,34.94, 174
6102691,34.94, 174
6104191,34.94, 174
6105691,34.94, 174
6107191,34.94, 174
6108691,34.94, 174
6110191,34.94, 174
6111691,34.94, 174
6113191,34.94, 174
6114691,34.94, 174
6116191,34.94, 174
6117691,34.94, 174
6119191,34.94, 174
6120691,34.94, 175
6122191,34.94, 175
6123691,34.94, 175
6125191,34.94, 175
6126691,34.94, 175
6128191,34.94, 175
6129691,34.94, 175
6131191,34.94, 175
6132691,34.94, 175
6134191,34.94, 175
6135691,34.94, 175
6137191,34.94, 175
6138691,34.94, 175
6140191,34.94, 175
6141691,34.94, 175
6143191,34.94, 175
6144691,34.94, 175
6146191,34.94, 175
6147691,34.94, 175
6149191,34.94, 175
6150691,34.94, 175
6152191,34.94, 175
6153691,34.94, 175
6155191,34.94, 175
6156691,35.00, 174
6158191,35.00, 174
6159691,34.94, 175
6161191,34.94, 175
6162691,34.94, 175
6164191,34.94, 175
6165691,34.94, 175
6167191,35.00, 174
6168691,34.94, 175
6170191,35.00, 174
6171691,34.94, 175
6173191,35.00, 174
6174691,35.00, 174
6176191,34.94, 175
6177691,34.94, 175
6179191,35.00, 174
6180691,35.00, 174
6182191,35.00, 174
6183691,35.00, 174
6185191,35.00, 174
6186691,35.00, 174
6188191,35.00, 174
6189691,35.00, 174
6191191,35.00, 174
6192691,35.00, 174
6194191,35.00, 174
6195691,35.00, 174
6197191,35.00, 174
6198691,35.00, 174
6200191,35.00, 174
6201691,35.00, 174
6203191,35.00, 174
6204691,35.00, 174
6206191,35.00, 174
6207691,35.00, 174
6209191,35.00, 174
6210691,35.00, 174
6212191,35.00, 174
6213691,35.00, 174
6215191,35.00, 174
6216691,35.00, 174
6218191,35.00, 174
6219691,35.00, 174
6221191,35.00, 174
6222691,35.00, 174
